公司名稱,員工人數,地址,抓取時間,業務,產業類別,網址,資本額,類型
圓展科技股份有限公司,500,新北市土城區,2020-05-25 11:54:00,,光電產業,https://www.104.com.tw/company/d25q6a8?jobsource=checkc,9億8200萬元,
上宇科技有限公司,暫不提供,台中市霧峰區,2020-05-04 10:10:00,,其他金屬相關製造業,https://www.104.com.tw/company/10xqiy5s?jobsource=checkc,2800萬元,
(美商箭牌)台灣留蘭香股份有限公司,160,台北市南港區,2020-05-25 11:55:00,,糖果點心製造業,https://www.104.com.tw/company/20cwqyo?jobsource=checkc,9400萬元,
台灣新光保全股份有限公司,2000,台北市內湖區,2020-05-11 10:01:00,,保全樓管相關業,https://www.104.com.tw/company/5msc8qo?jobsource=checkc,45億,
撼訊科技股份有限公司,240,新北市汐止區,2020-05-18 10:28:00,薛至廷,電腦及其週邊設備製造業,https://www.104.com.tw/company/7gk2qe0?jobsource=checkc,3億3290萬元,潛在客戶(Prospect)
西柏科技股份有限公司,300,新北市中和區,2020-05-25 11:54:00,,電腦及其週邊設備製造業,https://www.104.com.tw/company/b0i93bs?jobsource=checkc,6億,
薩摩亞商志強國際企業股份有限公司台灣分公司,暫不提供,台中市西屯區,2020-05-18 10:28:00,,鞋類製造業,https://www.104.com.tw/company/1a2x6bk850?jobsource=checkc,暫不提供,
南山產物保險股份有限公司,740,台北市中正區,2020-05-25 11:56:00,,產物保險業,https://www.104.com.tw/company/53k8l08?jobsource=checkc,40億,
龍光企業有限公司,50,新北市中和區,2020-05-18 10:29:00,,其他電子零組件相關業,https://www.104.com.tw/company/7c5xn00?jobsource=checkc,2100萬元,
ETC＿遠通電收股份有限公司,600,新北市板橋區,2020-05-25 11:56:00,,其他電信及通訊相關業,https://www.104.com.tw/company/19dh8x2w?jobsource=checkc,30億,
諾葳奇股份有限公司,暫不提供,台北市大安區,2020-05-25 11:56:00,,綜合商品批發代理業,https://www.104.com.tw/company/1a2x6bl7ci?jobsource=checkc,暫不提供,
聯邦工程顧問股份有限公司,20,台北市大安區,2020-05-25 11:56:00,,工商顧問服務業,https://www.104.com.tw/company/awz2vqo?jobsource=checkc,700萬元,
健策精密工業股份有限公司,1505,桃園市龜山區,2020-05-25 11:54:00,,其他電子零組件相關業,https://www.104.com.tw/company/aaptjn4?jobsource=checkc,15億,
永信集團_永鴻國際生技股份有限公司,150,新竹縣新豐鄉,2020-05-25 11:54:00,,藥品製造業,https://www.104.com.tw/company/1a2x6bjpqi?jobsource=checkc,5億5000萬元,
"Hyundai Engineering Co., Ltd.",5800,南韓,2020-05-04 10:07:00,,土木工程業,https://www.104.com.tw/company/1a2x6bl534?jobsource=checkc,暫不提供,
雙鴻科技股份有限公司,3000,新北市新莊區,2020-05-25 11:56:00,,其他電子零組件相關業,https://www.104.com.tw/company/7muwb1c?jobsource=checkc,8億3011萬元,
和成欣業股份有限公司,1140,桃園市八德區,2020-05-18 10:29:00,,玻璃及玻璃製品製造業,https://www.104.com.tw/company/1he1rb4?jobsource=checkc,36億9853萬元,潛在客戶(Prospect)
敦陽科技股份有限公司,601,新竹市,2020-05-25 11:55:00,,電腦系統整合服務業,https://www.104.com.tw/company/12otq70g?jobsource=checkc,10億6300萬元,
普羅威國際有限公司,暫不提供,台北市南港區,2020-05-11 10:02:00,,綜合商品批發代理業,https://www.104.com.tw/company/1a2x6bkmun?jobsource=checkc,暫不提供,
臺灣光榮特庫摩股份有限公司,8,台北市大安區,2020-05-25 11:56:00,,電腦軟體服務業,https://www.104.com.tw/company/5tfbknc?jobsource=checkc,3000萬元,
德國馬牌(Continental)_台灣開利耐特有限公司,40,台北市中山區,2020-05-04 10:10:00,,綜合商品批發代理業,https://www.104.com.tw/company/1a2x6bkbj0?jobsource=checkc,500萬元,
DHL_洋基通運股份有限公司,1000,台北市中山區,2020-05-04 10:10:00,,快遞服務業,https://www.104.com.tw/company/25kc5lk?jobsource=checkc,暫不提供,
世豐螺絲股份有限公司,290,高雄市橋頭區,2020-05-25 11:55:00,,其他金屬相關製造業,https://www.104.com.tw/company/ec7xwkw?jobsource=checkc,3億,
立樂高園股份有限公司,暫不提供,台北市松山區,2020-05-25 11:56:00,,人力仲介代徵,https://www.104.com.tw/company/1a2x6bj6wg?jobsource=checkc,500萬元,
貿聯國際股份有限公司,9300,新北市中和區,2020-05-25 11:54:00,,其他電子零組件相關業,https://www.104.com.tw/company/18jym5s8?jobsource=checkc,7000萬元,
鴻越資訊股份有限公司,30,高雄市前鎮區,2020-05-25 11:57:00,,電腦軟體服務業,https://www.104.com.tw/company/7qag6hs?jobsource=checkc,1000萬元,
源川國際股份有限公司,1000,台中市西屯區,2020-05-25 11:56:00,,綜合商品批發代理業,https://www.104.com.tw/company/1a2x6bjfrc?jobsource=checkc,暫不提供,
加拿大商_加國陽光能源科技股份有限公司,暫不提供,新竹縣湖口鄉,2020-05-25 11:55:00,,光電產業,https://www.104.com.tw/company/1a2x6bkb4e?jobsource=checkc,暫不提供,
海名斯集團_德謙企業股份有限公司,120,新竹縣湖口鄉,2020-05-25 11:55:00,,塗料／染料及顏料製造業,https://www.104.com.tw/company/2b5e5i0?jobsource=checkc,7億,
法商家樂福總公司_家福股份有限公司,12000,台北市北投區,2020-05-18 10:31:00,,量販流通相關業,https://www.104.com.tw/company/aesp3hv?jobsource=checkc,暫不提供,
信隆藥品工業股份有限公司,25,台南市仁德區,2020-05-11 10:04:00,,藥品製造業,https://www.104.com.tw/company/vhdndi0?jobsource=checkc,1000萬元,
旺旺中時媒體集團_工商財經數位股份有限公司,暫不提供,台北市內湖區,2020-05-25 11:56:00,,電視業,https://www.104.com.tw/company/1xefprk?jobsource=checkc,暫不提供,
星裕國際股份有限公司,暫不提供,台北市內湖區,2020-05-25 11:58:00,,綜合商品批發代理業,https://www.104.com.tw/company/e6ysigo?jobsource=checkc,14億,
柏登生醫股份有限公司,14,台北市內湖區,2020-05-25 11:56:00,,其他醫療保健服務業,https://www.104.com.tw/company/d696avk?jobsource=checkc,5億,
中環股份有限公司,暫不提供,桃園市龜山區,2020-05-25 11:55:00,,資料儲存媒體製造及複製業,https://www.104.com.tw/company/5lujxpc?jobsource=checkc,188億,
台灣麥當勞_和德昌股份有限公司,20000,台北市中正區,2020-05-18 10:27:00,,其他餐飲業,https://www.104.com.tw/company/5p9a8cg?jobsource=checkc,暫不提供,
宏匯集團_宏匯思源股份有限公司,150,新北市三重區,2020-05-25 11:57:00,,不動產經營業,https://www.104.com.tw/company/1a2x6biqyo?jobsource=checkc,13億2000萬元,
西門子歌美颯離岸風力再生能源股份有限公司,暫不提供,台北市中山區,2020-05-25 11:55:00,,其他相關製造業,https://www.104.com.tw/company/1a2x6bkxju?jobsource=checkc,暫不提供,
台灣索尼股份有限公司,350,台北市中山區,2020-05-18 10:30:00,,消費性電子產品製造業,https://www.104.com.tw/company/at4rvwy?jobsource=checkc,900萬元,
美商安碼商務系統股份有限公司台灣分公司,暫不提供,台北市大安區,2020-05-11 10:03:00,,電腦軟體服務業,https://www.104.com.tw/company/cilvrew?jobsource=checkc,暫不提供,
愛瑪麗歐股份有限公司,60,台北市內湖區,2020-05-25 11:57:00,,電腦及其週邊設備製造業,https://www.104.com.tw/company/1a2x6bi84j?jobsource=checkc,1億9410萬元,
瑞士商_台灣科萊恩化學股份有限公司,130,台北市中山區,2020-05-18 10:28:00,,化學原料製造業,https://www.104.com.tw/company/10zs8nc8?jobsource=checkc,2388萬元,
東培工業股份有限公司,1400,桃園市八德區,2020-05-25 11:55:00,,其他金屬相關製造業,https://www.104.com.tw/company/3bewjmo?jobsource=checkc,12億5723萬元,
怡東人事顧問股份有限公司,暫不提供,台北市松山區,2020-05-25 11:55:00,,人力仲介代徵,https://www.104.com.tw/company/webvtu8?jobsource=checkc,暫不提供,
億力資訊股份有限公司,180,台北市松山區,2020-05-25 11:55:00,,電腦軟體服務業,https://www.104.com.tw/company/bjvssxk?jobsource=checkc,1億,
亞洲水泥股份有限公司,480,台北市大安區,2020-05-25 11:56:00,,水泥及水泥製品製造業,https://www.104.com.tw/company/1hnp360?jobsource=checkc,330億,
麗臺科技股份有限公司,290,新北市中和區,2020-05-04 10:08:00,,電腦及其週邊設備製造業,https://www.104.com.tw/company/a97q9sg?jobsource=checkc,5億3587萬元,潛在客戶(Prospect)
東慧國際諮詢顧問股份有限公司,暫不提供,台北市中山區,2020-05-25 11:58:00,,人力仲介代徵,https://www.104.com.tw/company/7k26q7c?jobsource=checkc,1億,
香港商艾沛克斯利益得工具有限公司台灣分公司,300,台中市西屯區,2020-05-25 11:56:00,,金屬手工具製造業,https://www.104.com.tw/company/d29ropk?jobsource=checkc,暫不提供,
晶順工業有限公司,10,彰化縣芳苑鄉,2020-05-18 10:31:00,,其他相關製造業,https://www.104.com.tw/company/oqkzeq0?jobsource=checkc,100萬元,
新人類資訊科技股份有限公司,100,新北市新店區,2020-05-25 11:57:00,,電腦軟體服務業,https://www.104.com.tw/company/akasp5c?jobsource=checkc,2億,
卡爾蔡司股份有限公司,暫不提供,新竹市,2020-05-25 11:55:00,,其他商品批發業,https://www.104.com.tw/company/ddbh81c?jobsource=checkc,4億8000萬元,
亞崴機電股份有限公司,478,新竹縣新埔鎮,2020-05-25 11:55:00,,精密儀器相關製造業,https://www.104.com.tw/company/a7k0a3k?jobsource=checkc,9億4952萬元,
台灣希爾思寵物營養品有限公司,暫不提供,台北市松山區,2020-05-25 11:55:00,,寵物相關服務業,https://www.104.com.tw/company/1a2x6bilzw?jobsource=checkc,暫不提供,
金利精密工業股份有限公司,290,桃園市平鎮區,2020-05-25 11:55:00,,其他半導體相關業,https://www.104.com.tw/company/g830454?jobsource=checkc,6億9334萬元,
香港商麥迪康亞太有限公司台灣分公司,200,宜蘭縣五結鄉,2020-05-25 11:54:00,,醫療器材製造業,https://www.104.com.tw/company/dbfxvhk?jobsource=checkc,5000萬元,
緯創資通股份有限公司,80000,新北市汐止區,2020-05-25 11:54:00,,電腦及其週邊設備製造業,https://www.104.com.tw/company/5wthkkw?jobsource=checkc,277億,
興勤電子工業股份有限公司,430,高雄市左營區,2020-05-25 11:56:00,,其他電子零組件相關業,https://www.104.com.tw/company/12f8subk?jobsource=checkc,14億,
祥圃實業股份有限公司,200,台北市中山區,2020-05-25 11:54:00,,農╱畜╱水產品批發業,https://www.104.com.tw/company/5qgi2dk?jobsource=checkc,6億,
巨昊科技股份有限公司,30,台南市東區,2020-05-04 10:08:00,,其它軟體及網路相關業,https://www.104.com.tw/company/1a2x6bjrwq?jobsource=checkc,1600萬元,
德商_凱馳清潔設備股份有限公司,48,新北市中和區,2020-05-25 11:55:00,,綜合商品批發代理業,https://www.104.com.tw/company/18mzkqqw?jobsource=checkc,2000萬元,
全興國際水產股份有限公司,270,桃園市桃園區,2020-05-25 11:56:00,,水產養殖業,https://www.104.com.tw/company/k6mak5c?jobsource=checkc,19億5000萬元,
資誠企業管理顧問股份有限公司,暫不提供,台北市信義區,2020-05-25 11:55:00,,人力仲介代徵,https://www.104.com.tw/company/1a2x6bj9j3?jobsource=checkc,暫不提供,
德義資訊股份有限公司,230,台北市大同區,2020-05-25 11:54:00,,電腦軟體服務業,https://www.104.com.tw/company/oe84aqo?jobsource=checkc,1億,
統一超食代股份有限公司,1300,新北市土城區,2020-05-25 11:56:00,,其他食品製造業,https://www.104.com.tw/company/1a2x6bivq9?jobsource=checkc,5億3900萬元,
Nexperia_安世半導體股份有限公司,暫不提供,台北市南港區,2020-05-11 10:01:00,,半導體製造業,https://www.104.com.tw/company/1a2x6bjyjc?jobsource=checkc,暫不提供,
英商飛特帝亞有限公司台灣分公司,110,台北市內湖區,2020-05-25 11:55:00,,半導體製造業,https://www.104.com.tw/company/cisnyb4?jobsource=checkc,2000萬元,
佳瑪百貨股份有限公司,500,新北市蘆洲區,2020-05-25 11:54:00,,百貨相關業,https://www.104.com.tw/company/10uxcezk?jobsource=checkc,1億4900萬元,
遠雄建設事業股份有限公司,1000,台北市信義區,2020-05-25 11:54:00,,其他營造業,https://www.104.com.tw/company/25adf8w?jobsource=checkc,83億5000萬元,
富鴻網股份有限公司,310,台北市內湖區,2020-05-25 11:57:00,,其他電信及通訊相關業,https://www.104.com.tw/company/1a2x6bjcm3?jobsource=checkc,3億,
台灣麥德美股份有限公司,80,新竹縣湖口鄉,2020-05-25 11:55:00,,化學原料製造業,https://www.104.com.tw/company/5rdfw6w?jobsource=checkc,8000萬元,
昇陽電池股份有限公司,110,新竹市,2020-05-25 11:57:00,,電池製造業,https://www.104.com.tw/company/1a2x6bk2mb?jobsource=checkc,暫不提供,
雨林新零售股份有限公司,130,台北市松山區,2020-05-25 11:56:00,,網際網路相關業,https://www.104.com.tw/company/1a2x6bl2oi?jobsource=checkc,1億3900萬元,
台灣瓦克國際股份有限公司,34,台北市大安區,2020-05-25 11:55:00,,綜合商品批發代理業,https://www.104.com.tw/company/9n4315k?jobsource=checkc,3000萬元,
宏櫂實業股份有限公司,120,彰化縣和美鎮,2020-05-25 11:56:00,,塑膠製品製造業,https://www.104.com.tw/company/odp1t08?jobsource=checkc,2700萬元,
台灣萊雅股份有限公司,1000,台北市信義區,2020-04-23 16:13:00,,藥品／化妝品及清潔用品零售業,https://www.104.com.tw/company/b0rvneo?jobsource=checkc,800萬元,
天鈺科技股份有限公司,暫不提供,新竹市,2020-05-25 11:54:00,,IC設計相關業,https://www.104.com.tw/company/12nofszc?jobsource=checkc,13億,
SIEMENS_西門子股份有限公司,500,台北市南港區,2020-04-23 16:10:00,,自動控制相關業,https://www.104.com.tw/company/at369u8?jobsource=checkc,5000萬元,
台灣迪恩士半導體科技股份有限公司,460,新竹市,2020-05-25 11:54:00,,其他半導體相關業,https://www.104.com.tw/company/at38dgg?jobsource=checkc,2億1500萬元,
"大江生醫股份有限公司(TCI CO., Ltd)",1150,台北市內湖區,2020-05-25 11:55:00,,生化科技研發業,https://www.104.com.tw/company/5nad1zs?jobsource=checkc,11億8700萬元,
正美企業股份有限公司,5000,台北市南港區,2020-05-11 10:03:00,郭雅芳,電腦及其週邊設備製造業,https://www.104.com.tw/company/54om9kg?jobsource=checkc,4億9000萬元,成交客戶(Customer)
華泰電子股份有限公司,6500,高雄市楠梓區,2020-05-25 11:58:00,,半導體製造業,https://www.104.com.tw/company/14vys25k?jobsource=checkc,55億,
金車股份有限公司,2100,台北市中正區,2020-05-25 11:56:00,,飲料製造業,https://www.104.com.tw/company/2atkqoo?jobsource=checkc,40億,
愛普科技股份有限公司,85,新竹縣竹北市,2020-05-25 11:54:00,,IC設計相關業,https://www.104.com.tw/company/okut4k8?jobsource=checkc,7億600萬元,
台灣星駁環球物流有限公司,80,桃園市楊梅區,2020-04-23 16:10:00,,倉儲業,https://www.104.com.tw/company/1a2x6bjbgg?jobsource=checkc,暫不提供,
ic! berlin總代理_嘉晏光學股份有限公司,95,台北市內湖區,2020-05-25 11:55:00,,鐘錶／眼鏡批發業,https://www.104.com.tw/company/7f035fk?jobsource=checkc,2500萬元,
多那之咖啡蛋糕烘焙股份有限公司,600,高雄市三民區,2020-05-11 10:02:00,,其他餐飲業,https://www.104.com.tw/company/czz09g8?jobsource=checkc,暫不提供,
奧丁丁集團英屬開曼群島商台灣子公司_歐簿客科技股份有限公司,暫不提供,新北市新店區,2020-05-25 11:55:00,,網際網路相關業,https://www.104.com.tw/company/1a2x6bj4gw?jobsource=checkc,暫不提供,
台灣易思資訊科技股份有限公司,暫不提供,台北市士林區,2020-05-04 10:07:00,,電腦軟體服務業,https://www.104.com.tw/company/1a2x6bk2lv?jobsource=checkc,暫不提供,
聚睿電子股份有限公司,50,新竹市,2020-04-23 16:11:00,,其他電子零組件相關業,https://www.104.com.tw/company/1a2x6bjp3p?jobsource=checkc,暫不提供,
捷招管理顧問有限公司,暫不提供,台北市內湖區,2020-05-25 11:56:00,,人力仲介代徵,https://www.104.com.tw/company/1a2x6bjqxu?jobsource=checkc,暫不提供,
香港商佳特透析服務股份有限公司台灣分公司,700,新北市中和區,2020-05-25 11:57:00,,其他醫療保健服務業,https://www.104.com.tw/company/d200hyo?jobsource=checkc,6億3750萬元,
台全電機股份有限公司,1700,桃園市龍潭區,2020-05-18 10:31:00,郭雅芳,汽車及其零件製造業,https://www.104.com.tw/company/5fjwd3s?jobsource=checkc,4億2525萬元,潛在客戶(Prospect)
艾利恩國際貿易有限公司,暫不提供,台北市士林區,2020-05-18 10:31:00,,其他商品批發業,https://www.104.com.tw/company/1a2x6bl0ic?jobsource=checkc,暫不提供,
旺旺集團_宜蘭食品工業股份有限公司,50000,台北市大同區,2020-05-25 11:54:00,,糖果點心製造業,https://www.104.com.tw/company/j5kd968?jobsource=checkc,1000萬元,
台灣海福樂國際股份有限公司,暫不提供,新北市新莊區,2020-04-23 16:12:00,,建物裝修及裝潢業,https://www.104.com.tw/company/wdint5k?jobsource=checkc,1億3000萬元,
金寶電子工業股份有限公司,11352,新北市深坑區,2020-05-04 10:11:00,,消費性電子產品製造業,https://www.104.com.tw/company/20ac4uw?jobsource=checkc,145億8233萬元,
艾威科軟體股份有限公司,30,台北市信義區,2020-05-25 11:54:00,,電腦軟體服務業,https://www.104.com.tw/company/1a2x6bkgi3?jobsource=checkc,暫不提供,
台灣水泥相關企業_光和耐火工業股份有限公司,89,苗栗縣頭份市,2020-05-25 11:57:00,,耐火材料製造業,https://www.104.com.tw/company/20h4gds?jobsource=checkc,1億9000萬元,
環鴻科技股份有限公司,18000,南投縣草屯鎮,2020-05-25 11:57:00,,消費性電子產品製造業,https://www.104.com.tw/company/dbgbm34?jobsource=checkc,107億,
永昌商標股份有限公司,暫不提供,彰化縣福興鄉,2020-05-25 11:56:00,,織布業,https://www.104.com.tw/company/r7jr8pc?jobsource=checkc,1200萬元,
泰詠電子股份有限公司,1000,新竹市,2020-05-25 11:54:00,,消費性電子產品製造業,https://www.104.com.tw/company/atx4fvs?jobsource=checkc,9億2197萬元,
永進機械工業股份有限公司,800,台中市神岡區,2020-05-25 11:56:00,,專用生產機械製造修配業,https://www.104.com.tw/company/pag9708?jobsource=checkc,5億6700萬元,
競泰股份有限公司,250,新北市中和區,2020-05-25 11:56:00,,其他金屬相關製造業,https://www.104.com.tw/company/e65tmhc?jobsource=checkc,1億2000萬元,
台灣通運倉儲股份有限公司,250,台北市中山區,2020-05-25 11:56:00,,貨運承攬業,https://www.104.com.tw/company/1o3w3js?jobsource=checkc,4億2000萬元,
翔鑫堡工業股份有限公司,暫不提供,南投縣南投市,2020-05-25 11:56:00,,鞋類製造業,https://www.104.com.tw/company/sf666f4?jobsource=checkc,暫不提供,
香港商邁世國際有限公司台灣分公司,暫不提供,台北市中山區,2020-05-25 11:54:00,,精密儀器相關製造業,https://www.104.com.tw/company/1a2x6bkdsy?jobsource=checkc,暫不提供,
國益電子元件銷售股份有限公司,23,新北市新店區,2020-05-25 11:56:00,,半導體製造業,https://www.104.com.tw/company/1a2x6bl0h7?jobsource=checkc,4500萬元,
禹安工程顧問股份有限公司,32,台中市西區,2020-05-25 11:57:00,,建築及工程技術服務業,https://www.104.com.tw/company/1a2x6bjmmc?jobsource=checkc,1000萬元,
台灣寶橋股份有限公司,87,台中市南屯區,2020-04-23 16:11:00,,綜合商品批發代理業,https://www.104.com.tw/company/aijlq88?jobsource=checkc,6900萬元,
統一企業集團_統一資訊股份有限公司,350,台北市內湖區,2020-05-25 11:58:00,,電腦系統整合服務業,https://www.104.com.tw/company/7f454u0?jobsource=checkc,2億9900萬元,
稜研科技股份有限公司,暫不提供,新北市中和區,2020-05-25 11:56:00,,通訊機械器材相關業,https://www.104.com.tw/company/1a2x6bkhkd?jobsource=checkc,1億1000萬元,
嘉基科技股份有限公司,1801,新北市中和區,2020-05-25 11:54:00,,電腦及其週邊設備製造業,https://www.104.com.tw/company/1a2x6bi162?jobsource=checkc,5億7000萬元,
資誠創新諮詢有限公司,92,台北市信義區,2020-05-25 11:55:00,,電腦軟體服務業,https://www.104.com.tw/company/1a2x6bkwrx?jobsource=checkc,暫不提供,
潤弘精密工程事業股份有限公司,700,台北市中山區,2020-05-25 11:57:00,,建築工程業,https://www.104.com.tw/company/ui1cyxc?jobsource=checkc,13億5000萬元,
捷安特 YouBike_巨大機械工業股份有限公司,2100,台中市西屯區,2020-05-25 11:56:00,,自行車及其零件製造業,https://www.104.com.tw/company/pr194vs?jobsource=checkc,37億5000萬元,
鴻海精密工業股份有限公司,暫不提供,新北市土城區,2020-05-25 11:56:00,,消費性電子產品製造業,https://www.104.com.tw/company/233rv1s?jobsource=checkc,1386億,
清展科技股份有限公司,150,高雄市大寮區,2020-05-18 10:30:00,,鋁基本工業,https://www.104.com.tw/company/ac27w6g?jobsource=checkc,3850萬元,
金盛世紙業有限公司,180,台北市大安區,2020-05-11 10:01:00,,其他紙製品製造業,https://www.104.com.tw/company/dcwxd8o?jobsource=checkc,18億7158萬元,
維田科技股份有限公司,110,新北市中和區,2020-05-25 11:54:00,,電腦及其週邊設備製造業,https://www.104.com.tw/company/cj0iykw?jobsource=checkc,2億7000萬元,
Inventec_英業達股份有限公司,4000,台北市士林區,2020-05-18 10:29:00,,電腦及其週邊設備製造業,https://www.104.com.tw/company/1zh8g1c?jobsource=checkc,300億,
樂威科技股份有限公司,暫不提供,台南市歸仁區,2020-05-25 11:55:00,,其他金屬相關製造業,https://www.104.com.tw/company/1a2x6bl2ss?jobsource=checkc,暫不提供,
全虹企業股份有限公司,420,台北市內湖區,2020-05-25 11:55:00,,電子通訊／電腦週邊零售業,https://www.104.com.tw/company/gkbulc0?jobsource=checkc,13億4280萬元,
永聯物流開發股份有限公司,100,台北市內湖區,2020-05-25 11:56:00,,其他不動產業,https://www.104.com.tw/company/1a2x6bin4z?jobsource=checkc,1億8000萬元,
全球人事顧問股份有限公司,暫不提供,台北市大安區,2020-05-25 11:57:00,,人力仲介代徵,https://www.104.com.tw/company/1a2x6bj4kz?jobsource=checkc,600萬元,
精湛光學科技股份有限公司,170,高雄市湖內區,2020-05-25 11:56:00,,通用機械設備製造修配業,https://www.104.com.tw/company/15a1qei0?jobsource=checkc,3億2282萬元,
楠弘貿易股份有限公司,27,高雄市前鎮區,2020-04-23 16:12:00,,綜合商品批發代理業,https://www.104.com.tw/company/a80x52w?jobsource=checkc,暫不提供,
台星科企業股份有限公司,700,新竹縣芎林鄉,2020-05-25 11:54:00,,半導體製造業,https://www.104.com.tw/company/ctue05k?jobsource=checkc,23億5000萬元,
公隆化學股份有限公司,50,台北市信義區,2020-05-25 11:54:00,,化學原料製造業,https://www.104.com.tw/company/akxga9c?jobsource=checkc,6000萬元,
貝爾威勒電子股份有限公司,400,桃園市桃園區,2020-05-25 11:54:00,,其他相關製造業,https://www.104.com.tw/company/d7koi08?jobsource=checkc,4億7300萬元,
台灣大昌華嘉股份有限公司,1500,台北市內湖區,2020-05-25 11:55:00,,其他醫療保健服務業,https://www.104.com.tw/company/wjbai6o?jobsource=checkc,1億300萬元,
羅特亞洲有限公司,4,台中市西區,2020-04-23 16:10:00,,自行車及其零件製造業,https://www.104.com.tw/company/1a2x6bjc02?jobsource=checkc,100萬元,
安費諾亮泰企業股份有限公司,700,新北市土城區,2020-05-25 11:56:00,,其他電子零組件相關業,https://www.104.com.tw/company/12r109xc?jobsource=checkc,1億6500萬元,
東稻股份有限公司,110,新北市新莊區,2020-05-25 11:57:00,,百貨相關業,https://www.104.com.tw/company/cnrchao?jobsource=checkc,3056萬元,
大同股份有限公司,3300,台北市中山區,2020-05-25 11:56:00,,消費性電子產品製造業,https://www.104.com.tw/company/52cwahd?jobsource=checkc,233億9000萬元,
新代科技股份有限公司,290,新竹市,2020-05-25 11:56:00,,自動控制相關業,https://www.104.com.tw/company/156tqe2w?jobsource=checkc,2億3000萬元,
驊宏資通集團_駿永資訊科技股份有限公司,40,台北市中正區,2020-05-18 10:30:00,,網際網路相關業,https://www.104.com.tw/company/1a2x6bi7ai?jobsource=checkc,2億,
精英人力資源股份有限公司,暫不提供,台北市松山區,2020-05-11 10:02:00,,人力仲介代徵,https://www.104.com.tw/company/1a2x6bj0h2?jobsource=checkc,3000萬元,
長春人造樹脂廠股份有限公司,1220,台北市中山區,2020-05-25 11:54:00,,化學原料製造業,https://www.104.com.tw/company/58a5sww?jobsource=checkc,33億7000萬元,
春保森拉天時鎢鋼合金股份有限公司,1500,新北市新莊區,2020-05-04 10:09:00,,金屬鍛造及粉末冶金業,https://www.104.com.tw/company/5mj6vhk?jobsource=checkc,5億9800萬元,
廣達集團_雲達科技股份有限公司,暫不提供,桃園市龜山區,2020-05-25 11:57:00,,電腦軟體服務業,https://www.104.com.tw/company/1a2x6bihks?jobsource=checkc,4億7200萬元,
俊欣行股份有限公司,40,台北市內湖區,2020-05-25 11:56:00,,綜合商品批發代理業,https://www.104.com.tw/company/5qzgqrk?jobsource=checkc,2億,
佳能企業股份有限公司,603,新北市新莊區,2020-05-25 11:57:00,,消費性電子產品製造業,https://www.104.com.tw/company/58g8ank?jobsource=checkc,28億2800萬元,
台灣昕諾飛股份有限公司,80,台北市南港區,2020-05-25 11:56:00,,照明設備製造業,https://www.104.com.tw/company/1a2x6bjogy?jobsource=checkc,1億,
台灣用友資訊軟體有限公司,暫不提供,台北市中山區,2020-05-25 11:55:00,,電腦軟體服務業,https://www.104.com.tw/company/olbdvl4?jobsource=checkc,3000萬元,
新加坡商格瑞特維股份有限公司台灣分公司,40,新竹縣竹北市,2020-05-25 11:56:00,,半導體製造業,https://www.104.com.tw/company/cigmcqo?jobsource=checkc,暫不提供,
穗曄實業股份有限公司,250,台北市中山區,2020-05-18 10:30:00,,化學原料製造業,https://www.104.com.tw/company/6gsirv4?jobsource=checkc,7億4250萬元,
NEC_台灣恩益禧股份有限公司,535,台北市中山區,2020-05-25 11:56:00,,電腦軟體服務業,https://www.104.com.tw/company/5ok0vgo?jobsource=checkc,3億7200萬元,
帛漢股份有限公司,900,台南市安南區,2020-05-25 11:56:00,,其他電子零組件相關業,https://www.104.com.tw/company/13r3z09c?jobsource=checkc,6億1098萬元,
尖點科技股份有限公司,2000,新北市樹林區,2020-05-04 10:10:00,薛至廷,其他電子零組件相關業,https://www.104.com.tw/company/18iree2g?jobsource=checkc,14億3530萬元,潛在客戶(Prospect)
舊振南食品股份有限公司,100,高雄市大寮區,2020-05-25 11:56:00,,其他食品製造業,https://www.104.com.tw/company/ckxhzgw?jobsource=checkc,暫不提供,
國際直線科技股份有限公司,200,桃園市中壢區,2020-05-25 11:56:00,,自動控制相關業,https://www.104.com.tw/company/7sjacp4?jobsource=checkc,5億7000萬元,
安永聯合會計師事務所,1600,台北市信義區,2020-05-25 11:55:00,,會計服務業,https://www.104.com.tw/company/1vzrgxd?jobsource=checkc,暫不提供,
艾笛森光電股份有限公司,1000,新北市中和區,2020-05-25 11:54:00,,光電產業,https://www.104.com.tw/company/5xgxtbs?jobsource=checkc,13億2623萬元,
鴻程亞太科技股份有限公司,60,新竹縣竹北市,2020-05-11 10:02:00,,電腦及其週邊設備製造業,https://www.104.com.tw/company/1a2x6bjprv?jobsource=checkc,3億,
BK Taiwan_台灣百科精密儀器股份有限公司,60,新北市深坑區,2020-05-25 11:55:00,,精密儀器相關製造業,https://www.104.com.tw/company/onrl8uw?jobsource=checkc,1億1500萬元,
英屬維京群島商禾寶醫療器材股份有限公司台灣分公司,3000,台北市內湖區,2020-05-25 11:55:00,,綜合商品批發代理業,https://www.104.com.tw/company/1a2x6bkz5g?jobsource=checkc,3億,
全國電子股份有限公司,1600,新北市五股區,2020-05-25 11:57:00,,電子通訊／電腦週邊零售業,https://www.104.com.tw/company/a3xycps?jobsource=checkc,9億9000萬元,
香港商必博有限公司台灣分公司,暫不提供,台北市松山區,2020-05-25 11:56:00,,工商顧問服務業,https://www.104.com.tw/company/1a2x6bk3ma?jobsource=checkc,暫不提供,
海星科技實業有限公司,10,新北市蘆洲區,2020-04-23 16:10:00,,其他電信及通訊相關業,https://www.104.com.tw/company/1a2x6bkumq?jobsource=checkc,500萬元,
普生股份有限公司,90,新竹市,2020-05-11 10:03:00,,醫療器材製造業,https://www.104.com.tw/company/lq95eb4?jobsource=checkc,4億98萬元,
立錡科技股份有限公司,1000,新竹縣竹北市,2020-05-18 10:31:00,,IC設計相關業,https://www.104.com.tw/company/7nhq1lk?jobsource=checkc,14億95萬元,
宏正自動科技股份有限公司,1700,新北市汐止區,2020-05-25 11:57:00,,電腦及其週邊設備製造業,https://www.104.com.tw/company/5p4odo0?jobsource=checkc,11億9000萬元,
立端科技股份有限公司,750,新北市汐止區,2020-05-25 11:54:00,,電腦及其週邊設備製造業,https://www.104.com.tw/company/a99730w?jobsource=checkc,9億8200萬元,
Advantech_研華股份有限公司,8000,台北市內湖區,2020-05-25 11:55:00,,電腦系統整合服務業,https://www.104.com.tw/company/2d9ntmw?jobsource=checkc,63億1853萬元,
言某諮詢管理顧問有限公司,5,台北市中正區,2020-05-25 11:55:00,,網際網路相關業,https://www.104.com.tw/company/1a2x6bl3we?jobsource=checkc,600萬元,
喜康生技股份有限公司,115,新竹縣竹北市,2020-05-25 11:58:00,,生化科技研發業,https://www.104.com.tw/company/1a2x6bi8tt?jobsource=checkc,20億,
千附實業股份有限公司,800,桃園市蘆竹區,2020-05-25 11:56:00,,其他半導體相關業,https://www.104.com.tw/company/5opox54?jobsource=checkc,11億8192萬元,
國光生物科技股份有限公司,390,台中市潭子區,2020-05-04 10:08:00,,藥品製造業,https://www.104.com.tw/company/fa1uom8?jobsource=checkc,36億2700萬元,
日商_華稻股份有限公司,65,新竹市,2020-05-25 11:55:00,,其他半導體相關業,https://www.104.com.tw/company/ao4lxbc?jobsource=checkc,4億6533萬元,
聯新國際醫院(原名稱:壢新醫院),1900,桃園市平鎮區,2020-05-25 11:54:00,,醫院,https://www.104.com.tw/company/107hzv1s?jobsource=checkc,暫不提供,
淳安電子股份有限公司,1200,台北市內湖區,2020-05-11 10:00:00,,電腦及其週邊設備製造業,https://www.104.com.tw/company/159l3240?jobsource=checkc,14億8103萬元,
鈺統食品股份有限公司,195,雲林縣斗六市,2020-05-25 11:55:00,,飲料製造業,https://www.104.com.tw/company/a9ndzrs?jobsource=checkc,7700萬元,
億豐綜合工業股份有限公司,暫不提供,台中市南屯區,2020-05-25 11:54:00,,其他相關製造業,https://www.104.com.tw/company/d6le14g?jobsource=checkc,29億3020萬元,
仲博科技股份有限公司,80,台北市內湖區,2020-05-25 11:56:00,,電子通訊/電腦週邊批發業,https://www.104.com.tw/company/1303aoao?jobsource=checkc,6億4000萬元,
大陸工程股份有限公司,800,台北市大安區,2020-05-25 11:55:00,,土木工程業,https://www.104.com.tw/company/f639cgo?jobsource=checkc,82億3200萬元,
林同棪工程顧問股份有限公司,300,台北市大安區,2020-05-18 10:30:00,,其他專業／科學及技術業,https://www.104.com.tw/company/6gi3u6g?jobsource=checkc,1億6000萬元,
為升電裝工業股份有限公司,480,彰化縣福興鄉,2020-05-25 11:57:00,,汽車及其零件製造業,https://www.104.com.tw/company/ao0761c?jobsource=checkc,11億5000萬元,
英屬蓋曼群島商合富醫療器材股份有限公司台灣分公司,250,台北市大安區,2020-05-25 11:57:00,,醫療器材製造業,https://www.104.com.tw/company/1a2x6bifmg?jobsource=checkc,5億3967萬元,
昶茂貿易股份有限公司,100,台北市中山區,2020-05-25 11:57:00,,化學原料及其製品批發業,https://www.104.com.tw/company/12sv0pmg?jobsource=checkc,1億,
上新人事管理顧問有限公司,暫不提供,新竹市,2020-05-25 11:54:00,,人力仲介代徵,https://www.104.com.tw/company/1a2x6bj1hl?jobsource=checkc,1500萬元,
虎門科技股份有限公司,90,新北市板橋區,2020-05-25 11:55:00,,電腦系統整合服務業,https://www.104.com.tw/company/e7e3480?jobsource=checkc,1億7000萬元,
翔暉園林實業有限公司,250,新北市林口區,2020-04-23 16:13:00,,綜合商品批發代理業,https://www.104.com.tw/company/crkjad4?jobsource=checkc,1000萬元,
香港商萬莫夫亞洲有限公司台灣分公司,30,台北市中正區,2020-05-25 11:56:00,,自行車及其零件製造業,https://www.104.com.tw/company/1a2x6bj1mt?jobsource=checkc,暫不提供,
新唐科技股份有限公司,1500,新竹市,2020-05-25 11:56:00,,其他半導體相關業,https://www.104.com.tw/company/cwxjkhc?jobsource=checkc,20億7000萬元,
台灣恩悌悌系統股份有限公司,150,台北市松山區,2020-05-25 11:57:00,,電腦系統整合服務業,https://www.104.com.tw/company/13omnats?jobsource=checkc,1億,
兆赫電子股份有限公司,1100,新竹縣湖口鄉,2020-05-25 11:54:00,,其他電信及通訊相關業,https://www.104.com.tw/company/5nr8xhc?jobsource=checkc,39億9000萬元,
鴻佰科技股份有限公司,900,桃園市桃園區,2020-05-25 11:55:00,,電腦及其週邊設備製造業,https://www.104.com.tw/company/5z4kla0?jobsource=checkc,1億4500萬元,
動力安全資訊股份有限公司,200,台北市內湖區,2020-05-25 11:56:00,,電腦系統整合服務業,https://www.104.com.tw/company/10vcwn74?jobsource=checkc,1億2000萬元,
仁心聯合醫療體系_台中公園仁心堂中醫診所,暫不提供,台中市中區,2020-05-25 11:57:00,,診所,https://www.104.com.tw/company/1a2x6bkwky?jobsource=checkc,暫不提供,
軒饌廚坊股份有限公司,暫不提供,台北市內湖區,2020-05-18 10:30:00,,餐館業,https://www.104.com.tw/company/1a2x6bkwa8?jobsource=checkc,暫不提供,
美仁心生醫科技股份有限公司,暫不提供,台中市中區,2020-05-18 10:31:00,,化妝品製造業,https://www.104.com.tw/company/1a2x6bjldb?jobsource=checkc,暫不提供,
Molex Taiwan Ltd._台灣莫仕股份有限公司,530,新北市淡水區,2020-05-25 11:55:00,,電腦及其週邊設備製造業,https://www.104.com.tw/company/gi6yhbs?jobsource=checkc,5億1800萬元,
聯合報股份有限公司,2295,新北市汐止區,2020-05-25 11:55:00,,其他出版業,https://www.104.com.tw/company/1quaxzk?jobsource=checkc,暫不提供,
永裕塑膠工業股份有限公司,700,台南市仁德區,2020-05-04 10:06:00,,塑膠製品製造業,https://www.104.com.tw/company/vbrtffc?jobsource=checkc,9億1000萬元,潛在客戶(Prospect)
台灣立訊精密有限公司,500,台北市內湖區,2020-05-25 11:56:00,,其他電子零組件相關業,https://www.104.com.tw/company/ol8o0fs?jobsource=checkc,2億758萬元,
思達科技股份有限公司,500,新竹市,2020-05-25 11:55:00,,半導體製造業,https://www.104.com.tw/company/5shuqf4?jobsource=checkc,3億5000萬元,
美律實業股份有限公司,11000,台中市南屯區,2020-05-25 11:54:00,,消費性電子產品製造業,https://www.104.com.tw/company/o272zgo?jobsource=checkc,20億8622萬元,
中華資安國際股份有限公司,暫不提供,台北市中正區,2020-05-04 10:10:00,,電腦軟體服務業,https://www.104.com.tw/company/1a2x6bkbsb?jobsource=checkc,10億,
藥華醫藥股份有限公司,190,台北市南港區,2020-05-25 11:54:00,,藥品製造業,https://www.104.com.tw/company/wew7f14?jobsource=checkc,21億9084萬元,
信昌化學工業股份有限公司,215,台北市中山區,2020-05-25 11:55:00,,合成樹脂／塑膠及橡膠製造業,https://www.104.com.tw/company/13k9n57c?jobsource=checkc,29億1975萬元,
新堡科技股份有限公司,40,台北市內湖區,2020-05-25 11:54:00,,電腦系統整合服務業,https://www.104.com.tw/company/wc8y5bs?jobsource=checkc,7000萬元,
廣達電腦股份有限公司,5000,桃園市龜山區,2020-05-25 11:54:00,,電腦及其週邊設備製造業,https://www.104.com.tw/company/ahfsoq0?jobsource=checkc,364億9000萬元,
普安科技股份有限公司,480,新北市中和區,2020-05-25 11:57:00,,電腦系統整合服務業,https://www.104.com.tw/company/12nyb2c0?jobsource=checkc,28億3400萬元,
財團法人靈鷲山佛教基金會,250,新北市永和區,2020-05-25 11:55:00,,宗教組織,https://www.104.com.tw/company/96pg3vk?jobsource=checkc,暫不提供,
彥豪金屬工業股份有限公司,580,彰化縣秀水鄉,2020-05-25 11:58:00,,自行車及其零件製造業,https://www.104.com.tw/company/a79hrk0?jobsource=checkc,7億3600萬元,
正航資訊股份有限公司,140,台北市內湖區,2020-05-25 11:57:00,,電腦系統整合服務業,https://www.104.com.tw/company/awjwe4o?jobsource=checkc,1億4350萬元,
維鋼工業股份有限公司,75,屏東縣屏東市,2020-05-25 11:57:00,,自動控制相關業,https://www.104.com.tw/company/ahhbhps?jobsource=checkc,1億3760萬元,
日立先端科技股份有限公司,210,台北市中山區,2020-05-11 10:02:00,,半導體製造業,https://www.104.com.tw/company/cr9gu88?jobsource=checkc,6000萬元,
胡連精密股份有限公司,1791,新北市汐止區,2020-05-11 10:03:00,,汽車及其零件製造業,https://www.104.com.tw/company/9jbmmpc?jobsource=checkc,9億7181萬元,潛在客戶(Prospect)
俊良貿易股份有限公司,200,台北市中山區,2020-05-25 11:54:00,,其他金屬相關製造業,https://www.104.com.tw/company/e69rzhc?jobsource=checkc,1億,
台橡股份有限公司,620,台北市大安區,2020-05-25 11:54:00,,合成樹脂／塑膠及橡膠製造業,https://www.104.com.tw/company/1mrsx0o?jobsource=checkc,82億5000萬元,
永欣鋁業股份有限公司,27,新北市中和區,2020-05-04 10:10:00,,其他金屬相關製造業,https://www.104.com.tw/company/fl9qdmo?jobsource=checkc,1億2000萬元,
遠雄企業團總管理處_信宇投資股份有限公司,9000,台北市信義區,2020-05-18 10:28:00,,綜合商品批發代理業,https://www.104.com.tw/company/1a2x6bkort?jobsource=checkc,暫不提供,
愛之味股份有限公司,600,嘉義縣民雄鄉,2020-05-25 11:55:00,,食品什貨批發業,https://www.104.com.tw/company/u3tgwfk?jobsource=checkc,50億,
天新資訊股份有限公司,48,台北市松山區,2020-04-23 16:13:00,,電腦軟體服務業,https://www.104.com.tw/company/aipojjk?jobsource=checkc,3000萬元,
華經資訊企業股份有限公司,300,台北市內湖區,2020-05-25 11:57:00,,電腦系統整合服務業,https://www.104.com.tw/company/5kddjhs?jobsource=checkc,6億9961萬元,
大賀智聯網股份有限公司,64,新北市中和區,2020-05-25 11:57:00,,其他電子零組件相關業,https://www.104.com.tw/company/aapfpyg?jobsource=checkc,2億1600萬元,
富堡工業股份有限公司,97,桃園市蘆竹區,2020-05-25 11:55:00,,清潔用品製造業,https://www.104.com.tw/company/e68eim8?jobsource=checkc,4億9000萬元,
和康通商股份有限公司,95,嘉義縣民雄鄉,2020-04-23 16:11:00,,食品什貨零售業,https://www.104.com.tw/company/5vta2nk?jobsource=checkc,6500萬元,
金色三麥餐飲股份有限公司,暫不提供,新北市三重區,2020-04-23 16:11:00,郭雅芳,餐館業,https://www.104.com.tw/company/1a2x6bjseq?jobsource=checkc,暫不提供,潛在客戶(Prospect)
Amorepacific_愛茉莉太平洋股份有限公司,450,台北市信義區,2020-05-11 10:03:00,,藥品／化妝品及清潔用品零售業,https://www.104.com.tw/company/1101rl0o?jobsource=checkc,3億9800萬元,
台灣拜耳股份有限公司,300,台北市信義區,2020-04-23 16:11:00,,藥品製造業,https://www.104.com.tw/company/an555kw?jobsource=checkc,2億6000萬元,
萬寶華企業管理顧問股份有限公司,暫不提供,台北市大安區,2020-05-25 11:55:00,,人力仲介代徵,https://www.104.com.tw/company/7e28f7c?jobsource=checkc,暫不提供,
根本芳療國際股份有限公司,28,高雄市左營區,2020-05-18 10:28:00,,美容／美體業,https://www.104.com.tw/company/ct2cwzs?jobsource=checkc,1000萬元,
大同永旭能源股份有限公司,80,台北市中山區,2020-05-25 11:55:00,,電力供應業,https://www.104.com.tw/company/1a2x6bl3jn?jobsource=checkc,16億,
台灣科思創股份有限公司,250,台北市信義區,2020-05-25 11:57:00,,化學原料製造業,https://www.104.com.tw/company/1a2x6bj9iw?jobsource=checkc,暫不提供,
程泰機械股份有限公司,430,台中市西屯區,2020-05-11 10:02:00,,通用機械設備製造修配業,https://www.104.com.tw/company/o1txua8?jobsource=checkc,11億,
連騰科技股份有限公司,暫不提供,新北市新店區,2020-05-25 11:55:00,,其他相關製造業,https://www.104.com.tw/company/1a2x6bl2ko?jobsource=checkc,2億,
華新麗華股份有限公司,6500,台北市信義區,2020-05-04 10:10:00,林嘉瑞,其他機械製造修配業,https://www.104.com.tw/company/g9nifhc?jobsource=checkc,361億,潛在客戶(Prospect)
輝能科技股份有限公司,470,桃園市中壢區,2020-05-25 11:56:00,,消費性電子產品製造業,https://www.104.com.tw/company/cysbcqw?jobsource=checkc,3億4152萬元,
國巨股份有限公司,10000,新北市新店區,2020-05-25 11:55:00,,半導體製造業,https://www.104.com.tw/company/aed9jhs?jobsource=checkc,35億,
theLOOP inc樂譜文創_如平實業股份有限公司,250,台北市大安區,2020-05-25 11:56:00,,餐館業,https://www.104.com.tw/company/60p1xw8?jobsource=checkc,暫不提供,
瀚宇博德股份有限公司,710,桃園市觀音區,2020-05-25 11:57:00,,電腦及其週邊設備製造業,https://www.104.com.tw/company/ao3lvh4?jobsource=checkc,40億5924萬元,
(遠東集團)鼎鼎企業管理顧問股份有限公司,160,台北市大安區,2020-05-25 11:54:00,,電腦軟體服務業,https://www.104.com.tw/company/arzvhqo?jobsource=checkc,4300萬元,
新加坡商立可人事顧問有限公司台灣分公司,暫不提供,台北市信義區,2020-05-25 11:55:00,,人力仲介代徵,https://www.104.com.tw/company/1a2x6bizrb?jobsource=checkc,500萬元,
新力美科技股份有限公司,200,台北市士林區,2020-05-18 10:31:00,,化學原料製造業,https://www.104.com.tw/company/gh2fz5k?jobsource=checkc,7億,
安勤科技股份有限公司,290,新北市中和區,2020-05-25 11:55:00,,電腦及其週邊設備製造業,https://www.104.com.tw/company/wfo0t6o?jobsource=checkc,6億9288萬元,
宏亞食品股份有限公司,700,新北市新店區,2020-05-25 11:54:00,,糖果點心製造業,https://www.104.com.tw/company/fo1vcy8?jobsource=checkc,12億,
福士股份有限公司,350,苗栗縣後龍鎮,2020-05-11 10:02:00,,汽機車及其零配件用品／批發業,https://www.104.com.tw/company/arhm98w?jobsource=checkc,2900萬元,
康揚股份有限公司,170,嘉義縣民雄鄉,2020-05-25 11:54:00,,醫療器材製造業,https://www.104.com.tw/company/af9kl3c?jobsource=checkc,1億,
鐿鈦科技股份有限公司,640,台中市南屯區,2020-05-25 11:54:00,,醫療器材製造業,https://www.104.com.tw/company/cmcx6zk?jobsource=checkc,4億238萬元,
大鼎工程顧問股份有限公司,15,台北市中山區,2020-05-11 10:03:00,,建築工程業,https://www.104.com.tw/company/1a2x6bjrcx?jobsource=checkc,500萬元,
綠源科技股份有限公司,24,新北市汐止區,2020-05-18 10:31:00,,通用機械設備製造修配業,https://www.104.com.tw/company/d6kxw3s?jobsource=checkc,3億7000萬元,
華宏新技股份有限公司,700,高雄市前金區,2020-05-25 11:56:00,,光電產業,https://www.104.com.tw/company/12brd9d4?jobsource=checkc,8億5000萬元,
元太科技工業股份有限公司,900,新竹市,2020-05-25 11:55:00,,光電產業,https://www.104.com.tw/company/a5hpc9c?jobsource=checkc,114億,
濾能股份有限公司,暫不提供,桃園市楊梅區,2020-05-25 11:55:00,,其他半導體相關業,https://www.104.com.tw/company/1a2x6bisxs?jobsource=checkc,暫不提供,
台灣托納斯科技有限公司,暫不提供,台中市神岡區,2020-05-25 11:57:00,,其他機械製造修配業,https://www.104.com.tw/company/1a2x6bkvv4?jobsource=checkc,暫不提供,
輝創電子股份有限公司,1300,新北市中和區,2020-05-25 11:55:00,,其他電子零組件相關業,https://www.104.com.tw/company/9mfvobu?jobsource=checkc,10億,
太平洋電線電纜股份有限公司,950,桃園市楊梅區,2020-05-25 11:57:00,,電力機械器材製造修配業,https://www.104.com.tw/company/1eopatc?jobsource=checkc,67億,
繼茂橡膠工業股份有限公司,2200,彰化縣鹿港鎮,2020-05-25 11:57:00,,橡膠製品製造業,https://www.104.com.tw/company/a771820?jobsource=checkc,3億250萬元,
遠雄房地產發展股份有限公司,400,台北市信義區,2020-05-25 11:57:00,,不動產經營業,https://www.104.com.tw/company/1a2x6bkcg9?jobsource=checkc,2000萬元,
希奧朵拉精品有限公司,暫不提供,高雄市鼓山區,2020-05-04 10:10:00,,鐘錶╱眼鏡零售業,https://www.104.com.tw/company/1a2x6bkczl?jobsource=checkc,暫不提供,
青輔實業股份有限公司,120,台中市梧棲區,2020-05-25 11:56:00,,電力機械器材製造修配業,https://www.104.com.tw/company/asu9irs?jobsource=checkc,2億5413萬元,
雙鏌工業股份有限公司,120,高雄市大社區,2020-05-25 11:56:00,,精密儀器相關製造業,https://www.104.com.tw/company/7gmz3c0?jobsource=checkc,1億5000萬元,
町洋企業股份有限公司,200,新北市五股區,2020-05-25 11:54:00,,其他電子零組件相關業,https://www.104.com.tw/company/fvqaljs?jobsource=checkc,3億2000萬元,
維州生物科技股份有限公司,暫不提供,台北市內湖區,2020-05-25 11:57:00,,其他醫療保健服務業,https://www.104.com.tw/company/7es25vs?jobsource=checkc,5000萬元,
薛長興工業股份有限公司,10000,宜蘭縣五結鄉,2020-05-18 10:30:00,,紡織成衣業,https://www.104.com.tw/company/j94dfgo?jobsource=checkc,8億,
律勝科技股份有限公司,110,台南市善化區,2020-05-25 11:57:00,,其他電子零組件相關業,https://www.104.com.tw/company/18pnuemw?jobsource=checkc,7億112萬元,
VOLVO_國際富豪汽車股份有限公司,40,台北市信義區,2020-05-25 11:56:00,,其他汽機車相關業,https://www.104.com.tw/company/b7r9dj4?jobsource=checkc,5000萬元,
香港商德莎有限公司台灣分公司,20,新北市板橋區,2020-05-25 11:55:00,,化學原料及其製品批發業,https://www.104.com.tw/company/7qmdcc8?jobsource=checkc,暫不提供,
台灣博士電子股份有限公司,500,高雄市前鎮區,2020-05-25 11:58:00,,被動電子元件製造業,https://www.104.com.tw/company/14vzp3yw?jobsource=checkc,暫不提供,
第一產物保險股份有限公司,800,台北市中正區,2020-05-25 11:54:00,,其他保險業,https://www.104.com.tw/company/1jjxd3c?jobsource=checkc,30億1163萬元,
(台泥)臺灣水泥股份有限公司,1023,台北市中山區,2020-05-25 11:55:00,,水泥及水泥製品製造業,https://www.104.com.tw/company/5h0zoz4?jobsource=checkc,369億2175萬元,
狄成橡膠工業有限公司,10,新北市樹林區,2020-05-18 10:31:00,,橡膠製品製造業,https://www.104.com.tw/company/cteo9n4?jobsource=checkc,550萬元,
濂達科技股份有限公司,300,桃園市楊梅區,2020-05-25 11:56:00,,其他半導體相關業,https://www.104.com.tw/company/oknmq3c?jobsource=checkc,1158萬元,
清祿鞋業股份有限公司,80000,台南市佳里區,2020-05-18 10:29:00,,鞋類製造業,https://www.104.com.tw/company/vtbog68?jobsource=checkc,9600萬元,
味丹企業股份有限公司,1406,台中市沙鹿區,2020-05-25 11:55:00,,食品什貨零售業,https://www.104.com.tw/company/ps5j8l4?jobsource=checkc,37億5000萬元,
股感資訊股份有限公司,40,台北市松山區,2020-05-25 11:56:00,,網際網路相關業,https://www.104.com.tw/company/1a2x6biyc1?jobsource=checkc,1840萬元,
帝寶工業股份有限公司,3200,彰化縣鹿港鎮,2020-05-25 11:55:00,,汽車及其零件製造業,https://www.104.com.tw/company/r9hx7w1?jobsource=checkc,20億,
東碩資訊股份有限公司,暫不提供,新北市新店區,2020-05-25 11:55:00,,電腦及其週邊設備製造業,https://www.104.com.tw/company/12naj85c?jobsource=checkc,5億2200萬元,
台灣創建雲端有限公司,40,台北市松山區,2020-05-25 11:54:00,,網際網路相關業,https://www.104.com.tw/company/1a2x6bkrer?jobsource=checkc,暫不提供,
歐商_喜利得股份有限公司,125,新北市板橋區,2020-05-25 11:55:00,,專用生產機械製造修配業,https://www.104.com.tw/company/a9lwn8w?jobsource=checkc,1億7000萬元,
博西家用電器股份有限公司,130,台北市內湖區,2020-04-23 16:12:00,,其他商品批發業,https://www.104.com.tw/company/oonpgbc?jobsource=checkc,1億,
新加坡商普思電子有限公司台灣分公司,暫不提供,新北市新店區,2020-05-18 10:30:00,,其他電子零組件相關業,https://www.104.com.tw/company/7qi1foo?jobsource=checkc,1億270萬元,
建興儲存科技股份有限公司,1000,台北市內湖區,2020-05-11 10:03:00,,資料儲存媒體製造及複製業,https://www.104.com.tw/company/1a2x6bl2dc?jobsource=checkc,暫不提供,
台灣富士通股份有限公司,280,台北市中正區,2020-05-25 11:55:00,,電腦系統整合服務業,https://www.104.com.tw/company/24g5kfs?jobsource=checkc,1億5364萬元,
荷蘭商海尼根股份有限公司台灣分公司,150,台北市信義區,2020-05-25 11:55:00,,綜合商品批發代理業,https://www.104.com.tw/company/7e97ik0?jobsource=checkc,暫不提供,
連展科技股份有限公司,6000,新北市新店區,2020-05-25 11:56:00,,其他電子零組件相關業,https://www.104.com.tw/company/a7y9szc?jobsource=checkc,21億7000萬元,
振興工程有限公司,暫不提供,台北市大安區,2020-05-25 11:57:00,,建築及工程技術服務業,https://www.104.com.tw/company/1a2x6bjx0d?jobsource=checkc,暫不提供,
上緯國際投資控股股份有限公司,30,南投縣南投市,2020-05-25 11:54:00,,合成樹脂╱塑膠及橡膠製造業,https://www.104.com.tw/company/1a2x6bkrvw?jobsource=checkc,9億,
東元精電股份有限公司,105,桃園市中壢區,2020-05-25 11:56:00,,電力機械器材製造修配業,https://www.104.com.tw/company/7jvqcgo?jobsource=checkc,3億2000萬元,
聯合再生能源股份有限公司,2200,新竹市,2020-05-25 11:54:00,,光電產業,https://www.104.com.tw/company/cr5tkx4?jobsource=checkc,252億,
聯合智網股份有限公司,250,新北市汐止區,2020-05-25 11:57:00,,網際網路相關業,https://www.104.com.tw/company/1a2x6bkvw7?jobsource=checkc,2億5000萬元,
錸寶科技股份有限公司,312,新竹縣湖口鄉,2020-05-04 10:08:00,,光學器材製造業,https://www.104.com.tw/company/wiclbi8?jobsource=checkc,6億,
中國探針股份有限公司,722,新北市板橋區,2020-05-25 11:54:00,,其他電子零組件相關業,https://www.104.com.tw/company/a4tdl94?jobsource=checkc,5億,
圈圈空間有限公司,5,台北市大安區,2020-05-25 11:56:00,,不動產經營業,https://www.104.com.tw/company/1a2x6bk8ek?jobsource=checkc,100萬元,
禾起企業管理顧問股份有限公司,暫不提供,台北市大安區,2020-05-25 11:57:00,,人力仲介代徵,https://www.104.com.tw/company/1a2x6bj2ft?jobsource=checkc,暫不提供,
普發真空科技股份有限公司,71,新竹縣新豐鄉,2020-05-25 11:55:00,,半導體製造業,https://www.104.com.tw/company/5x4sqrc?jobsource=checkc,7700萬元,
珀金埃爾默股份有限公司,70,台北市內湖區,2020-05-25 11:55:00,,精密儀器相關製造業,https://www.104.com.tw/company/wc1q5rc?jobsource=checkc,100萬元,
台灣資生堂股份有限公司,2600,台北市大安區,2020-05-25 11:57:00,,藥品／化妝品及清潔用品零售業,https://www.104.com.tw/company/ghd9j2o?jobsource=checkc,11億,
昶和纖維興業股份有限公司,280,台北市大安區,2020-05-18 10:29:00,,織布業,https://www.104.com.tw/company/glex21s?jobsource=checkc,19億,潛在客戶(Prospect)
李長榮科技股份有限公司,207,台北市松山區,2020-05-11 10:03:00,,其他電子零組件相關業,https://www.104.com.tw/company/1a2x6bihkz?jobsource=checkc,14億,
天心工業股份有限公司,470,台中市霧峰區,2020-05-18 10:27:00,薛至廷,自行車及其零件製造業,https://www.104.com.tw/company/o09pffc?jobsource=checkc,6000萬元,成交客戶(Customer)
NU SKIN_美商如新華茂股份有限公司台灣分公司,200,台北市內湖區,2020-05-18 10:30:00,,傳直銷相關業,https://www.104.com.tw/company/13kbsywg?jobsource=checkc,800萬元,
精誠資訊股份有限公司,2000,台北市內湖區,2020-05-18 10:31:00,,電腦系統整合服務業,https://www.104.com.tw/company/18pcqfps?jobsource=checkc,26億7000萬元,
DHL_台灣敦豪供應鏈股份有限公司,800,新北市三重區,2020-05-25 11:54:00,,儲配／運輸物流業,https://www.104.com.tw/company/9l4a420?jobsource=checkc,2800萬元,
世祥汽材製造廠股份有限公司,200,台中市烏日區,2020-05-25 11:54:00,,汽車及其零件製造業,https://www.104.com.tw/company/gkl7xmg?jobsource=checkc,1億8200萬元,
家登精密工業股份有限公司,270,新北市土城區,2020-05-25 11:55:00,,半導體製造業,https://www.104.com.tw/company/7jbxn20?jobsource=checkc,7億561萬元,
德商foodpanda_富胖達股份有限公司,300,台北市大安區,2020-05-11 10:03:00,,電腦系統整合服務業,https://www.104.com.tw/company/1a2x6bibgg?jobsource=checkc,暫不提供,
休斯微技術股份有限公司,84,新竹市,2020-05-25 11:54:00,,其他半導體相關業,https://www.104.com.tw/company/10xn66xs?jobsource=checkc,4億,
OWNDAYS_恩戴適股份有限公司,330,台北市中正區,2020-05-18 10:28:00,,鐘錶╱眼鏡零售業,https://www.104.com.tw/company/1a2x6biwvb?jobsource=checkc,500萬元,
荷蘭商海恩斯莫里斯有限公司台灣分公司,暫不提供,台北市信義區,2020-05-18 10:31:00,,鞋類╱布類╱服飾品零售業,https://www.104.com.tw/company/1a2x6biyyz?jobsource=checkc,暫不提供,
西勝國際股份有限公司,2000,新北市新莊區,2020-05-25 11:55:00,,通訊機械器材相關業,https://www.104.com.tw/company/18jp9pwg?jobsource=checkc,8億2000萬元,
光寶科技股份有限公司,43000,台北市內湖區,2020-05-25 11:55:00,,消費性電子產品製造業,https://www.104.com.tw/company/aqae7i0?jobsource=checkc,235億86萬元,
新加坡商優思特股份有限公司台灣分公司,23000,台北市中正區,2020-04-23 16:09:00,,工商顧問服務業,https://www.104.com.tw/company/1a2x6bjkm9?jobsource=checkc,暫不提供,
英商鼎通盛股份有限公司台灣分公司,100,新北市中和區,2020-05-25 11:56:00,,電腦及其週邊設備製造業,https://www.104.com.tw/company/d24e7fk?jobsource=checkc,9000萬元,
薩摩亞商百星數位智能股份有限公司台灣分公司,30,新北市汐止區,2020-04-23 16:11:00,,數位內容產業,https://www.104.com.tw/company/1a2x6bkz28?jobsource=checkc,1000萬元,
台灣贏創股份有限公司,70,台北市松山區,2020-05-25 11:56:00,,塑膠製品製造業,https://www.104.com.tw/company/1303z35k?jobsource=checkc,2000萬元,
源美股份有限公司,280,彰化縣鹿港鎮,2020-05-25 11:55:00,,其他金屬相關製造業,https://www.104.com.tw/company/af7fvio?jobsource=checkc,4974萬元,
上福全球科技股份有限公司,460,台中市梧棲區,2020-05-25 11:54:00,,電腦及其週邊設備製造業,https://www.104.com.tw/company/q0h9n28?jobsource=checkc,12億7500萬元,
大瓏企業股份有限公司,800,新北市土城區,2020-05-25 11:55:00,,醫療器材製造業,https://www.104.com.tw/company/1a2x6bjxdq?jobsource=checkc,5億,
藝珂人事顧問股份有限公司,暫不提供,台北市信義區,2020-05-25 11:54:00,,人力仲介代徵,https://www.104.com.tw/company/1303ngy0?jobsource=checkc,3366萬元,
沃旭能源股份有限公司,120,台北市信義區,2020-05-25 11:57:00,,工商顧問服務業,https://www.104.com.tw/company/1a2x6bjxwj?jobsource=checkc,500萬元,
創力資通股份有限公司,5,台北市中山區,2020-05-04 10:09:00,,數位內容產業,https://www.104.com.tw/company/1a2x6bipp7?jobsource=checkc,1000萬元,
溢泰實業股份有限公司,1000,屏東縣屏東市,2020-05-25 11:55:00,,塑膠製品製造業,https://www.104.com.tw/company/15p3hq3k?jobsource=checkc,7億2400萬元,
DECATHLON法商迪卡儂_台灣迪卡儂有限公司,1000,台中市南屯區,2020-05-25 11:56:00,,文教╱育樂用品零售業,https://www.104.com.tw/company/1a2x6bil6e?jobsource=checkc,1億860萬元,
愛德華先進科技股份有限公司,380,苗栗縣竹南鎮,2020-05-25 11:56:00,,半導體製造業,https://www.104.com.tw/company/7ovow34?jobsource=checkc,5000萬元,
台灣橫河股份有限公司,暫不提供,台北市大同區,2020-05-25 11:56:00,,自動控制相關業,https://www.104.com.tw/company/an5jtcw?jobsource=checkc,3450萬元,
friDay購物_遠時數位科技股份有限公司,300,台北市內湖區,2020-05-25 11:56:00,,其它軟體及網路相關業,https://www.104.com.tw/company/1a2x6bij57?jobsource=checkc,11億,
台灣小米通訊有限公司,100,台北市中正區,2020-05-25 11:55:00,,其他電信及通訊相關業,https://www.104.com.tw/company/wet5lbs?jobsource=checkc,500萬元,
益網科技股份有限公司,200,新北市新店區,2020-05-25 11:55:00,,網際網路相關業,https://www.104.com.tw/company/18plv84w?jobsource=checkc,1億2057萬元,
佳邦科技股份有限公司,620,苗栗縣竹南鎮,2020-05-25 11:57:00,,消費性電子產品製造業,https://www.104.com.tw/company/7miqs9k?jobsource=checkc,10億,
喜滿客京華影城股份有限公司,暫不提供,台北市大安區,2020-05-25 11:57:00,,電影片映演業,https://www.104.com.tw/company/7ppvxko?jobsource=checkc,暫不提供,
DSV Solutions_百及物流股份有限公司,235,新北市鶯歌區,2020-05-25 11:57:00,,儲配／運輸物流業,https://www.104.com.tw/company/12tcnc2o?jobsource=checkc,1億,
瑞儀光電股份有限公司,21000,高雄市前鎮區,2020-05-25 11:58:00,,光電產業,https://www.104.com.tw/company/a5ihl8g?jobsource=checkc,46億,
士林紙業股份有限公司,66,台北市士林區,2020-05-18 10:30:00,,其他零售業,https://www.104.com.tw/company/52jst8o?jobsource=checkc,28億,
志合訊息股份有限公司,160,台北市內湖區,2020-05-25 11:57:00,,電腦及其週邊設備製造業,https://www.104.com.tw/company/1a2x6biwog?jobsource=checkc,2億,
百辰光電股份有限公司,90,台北市內湖區,2020-05-25 11:57:00,,電腦及其週邊設備製造業,https://www.104.com.tw/company/10z80cz4?jobsource=checkc,4億920萬元,
寶元數控股份有限公司,300,台中市西屯區,2020-05-25 11:56:00,,電腦及其週邊設備製造業,https://www.104.com.tw/company/d20npm0?jobsource=checkc,3億,
緯創軟體股份有限公司,5300,新北市汐止區,2020-05-25 11:54:00,,電腦軟體服務業,https://www.104.com.tw/company/13u3sbvs?jobsource=checkc,4億3878萬元,
銓寶工業股份有限公司,245,台中市烏日區,2020-05-25 11:56:00,,電力機械器材製造修配業,https://www.104.com.tw/company/18t0cxd4?jobsource=checkc,3億562萬元,
艾思科技股份有限公司,暫不提供,台中市潭子區,2020-05-11 10:02:00,,其他電子零組件相關業,https://www.104.com.tw/company/1a2x6bhzh7?jobsource=checkc,2200萬元,
宏遠興業股份有限公司,1800,台南市山上區,2020-05-11 10:00:00,黃怡樵,紡紗業,https://www.104.com.tw/company/ahd8wpk?jobsource=checkc,58億,成交客戶(Customer)
特力集團_特力股份有限公司,1000,台北市內湖區,2020-05-04 10:07:00,,綜合商品批發代理業,https://www.104.com.tw/company/9jwyai8?jobsource=checkc,暫不提供,
巨將人力資源顧問有限公司,暫不提供,台北市大安區,2020-05-11 10:01:00,,人力仲介代徵,https://www.104.com.tw/company/1a2x6bizfj?jobsource=checkc,暫不提供,
布魯科技有限公司,暫不提供,台北市中山區,2020-05-25 11:54:00,,電腦系統整合服務業,https://www.104.com.tw/company/1a2x6bko3j?jobsource=checkc,1200萬元,
美商柏恩亞太股份有限公司台灣分公司,6000,台北市中山區,2020-05-25 11:55:00,,被動電子元件製造業,https://www.104.com.tw/company/152dvafs?jobsource=checkc,暫不提供,
眾福科技股份有限公司,85,新北市汐止區,2020-05-18 10:31:00,,光電產業,https://www.104.com.tw/company/7h5jrv4?jobsource=checkc,6億9399萬元,
昶亨科技股份有限公司,280,高雄市前鎮區,2020-05-04 10:08:00,,電腦及其週邊設備製造業,https://www.104.com.tw/company/12xc3r20?jobsource=checkc,1億807萬元,
上緯興業股份有限公司,100,南投縣南投市,2020-05-18 10:30:00,薛至廷,其他相關製造業,https://www.104.com.tw/company/1a2x6bl672?jobsource=checkc,9億,成交客戶(Customer)
台灣亨斯邁化學工業股份有限公司,80,桃園市觀音區,2020-05-18 10:28:00,,塑膠製品製造業,https://www.104.com.tw/company/7smgxp4?jobsource=checkc,400萬元,
美商慧盛先進科技有限公司,260,台北市中山區,2020-05-25 11:56:00,,其他化學相關製造業,https://www.104.com.tw/company/1a2x6bjqgo?jobsource=checkc,5000萬元,
泰洛斯製造股份有限公司,260,桃園市中壢區,2020-05-25 11:55:00,,其他電子零組件相關業,https://www.104.com.tw/company/1a2x6bjp8d?jobsource=checkc,7億8666萬元,
達裕國際運通有限公司,5,桃園市桃園區,2020-05-25 11:57:00,,航空運輸輔助業,https://www.104.com.tw/company/1a2x6bj805?jobsource=checkc,1000萬元,
和之合股份有限公司,725,台北市大安區,2020-04-23 16:09:00,,金屬家具及裝設品製造業,https://www.104.com.tw/company/5lvgxz4?jobsource=checkc,2億2227萬元,成交客戶(Customer)
台灣三井不動產股份有限公司,暫不提供,台北市中正區,2020-05-25 11:55:00,,不動產經營業,https://www.104.com.tw/company/1a2x6bjtj8?jobsource=checkc,暫不提供,
中華汽車工業股份有限公司楊梅廠,2100,桃園市楊梅區,2020-05-18 10:30:00,,汽車及其零件製造業,https://www.104.com.tw/company/k2edtx4?jobsource=checkc,55億3600萬元,
金箭集團_金箭印刷科技股份有限公司,3000,新北市中和區,2020-05-25 11:56:00,,加工紙製造業,https://www.104.com.tw/company/5r326hk?jobsource=checkc,暫不提供,
ROBERT WALTERS_華德士股份有限公司,暫不提供,台北市信義區,2020-05-04 10:10:00,,人力仲介代徵,https://www.104.com.tw/company/1a2x6bj0zh?jobsource=checkc,500萬元,
亞諾法生技股份有限公司,150,台北市內湖區,2020-05-25 11:57:00,,生化科技研發業,https://www.104.com.tw/company/5ykmvbc?jobsource=checkc,6億500萬元,
功學社教育用品股份有限公司,800,新北市蘆洲區,2020-05-04 10:06:00,,育樂用品製造業,https://www.104.com.tw/company/g3fdvw0?jobsource=checkc,15億,
聯茂電子股份有限公司,450,新竹縣新埔鎮,2020-05-11 10:03:00,,印刷電路板製造業(PCB),https://www.104.com.tw/company/18n63v94?jobsource=checkc,30億,
台灣通力電梯股份有限公司,200,新北市板橋區,2020-05-25 11:56:00,,通用機械設備製造修配業,https://www.104.com.tw/company/1xltvk0?jobsource=checkc,3億,
寶晶能源股份有限公司,暫不提供,台北市內湖區,2020-05-18 10:30:00,,電力供應業,https://www.104.com.tw/company/1a2x6bkqah?jobsource=checkc,12億4000萬元,
博司數位串流媒體工作室,5,新北市三重區,2020-05-25 11:57:00,,電子通訊╱電腦週邊零售業,https://www.104.com.tw/company/1a2x6bl13h?jobsource=checkc,20萬元,
宏齊科技股份有限公司,600,新竹市,2020-05-25 11:54:00,,半導體製造業,https://www.104.com.tw/company/151tp1dk?jobsource=checkc,20億5100萬元,
東雅電子股份有限公司,暫不提供,新北市新店區,2020-05-25 11:54:00,,消費性電子產品製造業,https://www.104.com.tw/company/13yi61gg?jobsource=checkc,暫不提供,
華碩電腦股份有限公司,暫不提供,台北市北投區,2020-05-04 10:10:00,,電腦及其週邊設備製造業,https://www.104.com.tw/company/auxx12g?jobsource=checkc,370億,
龍鋒企業股份有限公司,450,台南市永康區,2020-05-18 10:31:00,,汽車及其零件製造業,https://www.104.com.tw/company/xu3n4e8?jobsource=checkc,8億,
德商Henkel _ 台灣漢高股份有限公司,110,新北市中和區,2020-05-25 11:55:00,,合成樹脂／塑膠及橡膠製造業,https://www.104.com.tw/company/azr0jy0?jobsource=checkc,12億5000萬元,
昇陽國際半導體股份有限公司,780,新竹市,2020-05-25 11:55:00,,半導體製造業,https://www.104.com.tw/company/12noo21s?jobsource=checkc,13億2400萬元,
東捷資訊服務股份有限公司,450,台北市南港區,2020-05-25 11:54:00,,電腦系統整合服務業,https://www.104.com.tw/company/azqqrbk?jobsource=checkc,2億,
勤業眾信聯合會計師事務所,3800,台北市信義區,2020-05-25 11:56:00,,會計服務業,https://www.104.com.tw/company/17n3i7lk?jobsource=checkc,暫不提供,
台灣耐落螺絲工業股份有限公司,1300,桃園市楊梅區,2020-05-18 10:30:00,,其他相關製造業,https://www.104.com.tw/company/l3bu2a8?jobsource=checkc,3億2000萬元,
宸鴻光電科技股份有限公司,38000,台北市內湖區,2020-05-18 10:27:00,郭建宏,光電產業,https://www.104.com.tw/company/10u7ire8?jobsource=checkc,5億100萬元,成交客戶(Customer)
台灣本田汽車股份有限公司,850,屏東縣屏東市,2020-05-25 11:56:00,,汽車及其零件製造業,https://www.104.com.tw/company/d2o8mkg?jobsource=checkc,35億8000萬元,
Atos_台灣源訊科技股份有限公司,150,台北市松山區,2020-05-25 11:54:00,,電腦系統整合服務業,https://www.104.com.tw/company/azr4r6g?jobsource=checkc,1億500萬元,
Luxasia Taiwan_盧亞股份有限公司,2200,台北市松山區,2020-05-25 11:56:00,,藥品／化妝品及清潔用品零售業,https://www.104.com.tw/company/150kxk9c?jobsource=checkc,11億500萬元,
銳鋒股份有限公司,220,桃園市八德區,2020-05-25 11:55:00,,綜合商品批發代理業,https://www.104.com.tw/company/co6r114?jobsource=checkc,1000萬元,
崇安工程顧問股份有限公司,暫不提供,台北市中山區,2020-05-25 11:55:00,,建築及工程技術服務業,https://www.104.com.tw/company/1a2x6bkff1?jobsource=checkc,暫不提供,
群光電能科技股份有限公司,12000,新北市三重區,2020-05-11 10:00:00,郭建宏,其他電子零組件相關業,https://www.104.com.tw/company/b5mbqqo?jobsource=checkc,38億2300萬元,潛在客戶(Prospect)
香港商旭昶香港有限公司台灣分公司,暫不提供,台北市大同區,2020-05-25 11:56:00,,網際網路相關業,https://www.104.com.tw/company/1a2x6bkuzw?jobsource=checkc,暫不提供,
茂迪股份有限公司,1100,台南市新市區,2020-05-18 10:29:00,,光電產業,https://www.104.com.tw/company/9lh3guo?jobsource=checkc,48億,
健喬信元醫藥生技股份有限公司,500,台北市內湖區,2020-05-25 11:54:00,,藥品製造業,https://www.104.com.tw/company/jug4ur4?jobsource=checkc,18億,
凱美電機股份有限公司,1000,新北市汐止區,2020-05-25 11:55:00,,被動電子元件製造業,https://www.104.com.tw/company/fq3zc0o?jobsource=checkc,19億4063萬元,
台英帝國菸草製造股份有限公司,140,苗栗縣竹南鎮,2020-05-25 11:58:00,,菸草製造業,https://www.104.com.tw/company/1a2x6bi84l?jobsource=checkc,暫不提供,
康那香企業股份有限公司,580,台北市信義區,2020-05-25 11:55:00,,藥品／化妝品及清潔用品零售業,https://www.104.com.tw/company/y3nane8?jobsource=checkc,19億5175萬元,
群環科技股份有限公司,450,台北市大同區,2020-05-25 11:57:00,,電腦系統整合服務業,https://www.104.com.tw/company/a9nlils?jobsource=checkc,10億3000萬元,
艾維克科技股份有限公司,190,新北市中和區,2020-05-25 11:56:00,,電腦及其週邊設備製造業,https://www.104.com.tw/company/dd24oao?jobsource=checkc,4億743萬元,
台灣肥料股份有限公司,680,台北市中山區,2020-05-25 11:55:00,,其他化學相關製造業,https://www.104.com.tw/company/1qri6o8?jobsource=checkc,98億,
美時化學製藥股份有限公司,430,台北市信義區,2020-05-25 11:54:00,,生化科技研發業,https://www.104.com.tw/company/59go71s?jobsource=checkc,30億,
鉅佳工程顧問有限公司,14,台北市中山區,2020-04-23 16:12:00,,建築及工程技術服務業,https://www.104.com.tw/company/1a2x6bl4n5?jobsource=checkc,暫不提供,
飛斯妥股份有限公司,暫不提供,新北市林口區,2020-05-25 11:57:00,,自動控制相關業,https://www.104.com.tw/company/11a187o8?jobsource=checkc,1億4500萬元,
老協珍股份有限公司,200,台北市松山區,2020-05-25 11:56:00,,食品什貨零售業,https://www.104.com.tw/company/dc6xe0w?jobsource=checkc,1億,
聯測科技股份有限公司,800,新竹市,2020-05-18 10:28:00,,半導體製造業,https://www.104.com.tw/company/12noevsw?jobsource=checkc,3億1039萬元,
台一國際股份有限公司,380,台北市松山區,2020-05-11 10:04:00,,電力機械器材製造修配業,https://www.104.com.tw/company/fr0dkl4?jobsource=checkc,20億,潛在客戶(Prospect)
中華系統整合股份有限公司,320,台北市大安區,2020-05-25 11:56:00,,電腦軟體服務業,https://www.104.com.tw/company/10wkoo2w?jobsource=checkc,6億,
佳能國際股份有限公司,210,台北市信義區,2020-05-18 10:31:00,,電腦系統整合服務業,https://www.104.com.tw/company/7mvz56o?jobsource=checkc,2億6300萬元,
定揚科技股份有限公司,100,新北市中和區,2020-05-25 11:57:00,,其他電信及通訊相關業,https://www.104.com.tw/company/12xsr2o8?jobsource=checkc,2億,
洺碩投資有限公司,150,新北市新店區,2020-05-04 10:10:00,,其他投資理財相關業,https://www.104.com.tw/company/1a2x6bks28?jobsource=checkc,2000萬元,
味全食品工業股份有限公司,1500,台北市中山區,2020-05-25 11:54:00,,乳品製造業,https://www.104.com.tw/company/57o6s28?jobsource=checkc,50億6000萬元,
桂格_佳格食品股份有限公司,950,台北市大安區,2020-05-25 11:56:00,,其他食品製造業,https://www.104.com.tw/company/a5j8pbc?jobsource=checkc,92億,
寶成工業股份有限公司,348000,彰化縣福興鄉,2020-05-11 10:01:00,,鞋類製造業,https://www.104.com.tw/company/qyz0sc1?jobsource=checkc,294億6787萬元,
英福康有限公司,38,新竹縣竹北市,2020-04-23 16:10:00,,半導體製造業,https://www.104.com.tw/company/5t3ppfs?jobsource=checkc,5258萬元,
憶聲電子股份有限公司,300,桃園市中壢區,2020-05-25 11:54:00,,電腦及其週邊設備製造業,https://www.104.com.tw/company/knh46a0?jobsource=checkc,28億,
台灣愛力大件起重股份有限公司,6,新竹縣新豐鄉,2020-05-04 10:10:00,,機械器具零售業,https://www.104.com.tw/company/1a2x6bku6i?jobsource=checkc,50萬元,
香港商數立國際股份有限公司台灣分公司,暫不提供,台北市信義區,2020-05-25 11:56:00,,工商顧問服務業,https://www.104.com.tw/company/1a2x6bkrpk?jobsource=checkc,1986萬元,
好市多股份有限公司,5500,台北市內湖區,2020-05-25 11:54:00,,百貨相關業,https://www.104.com.tw/company/18jr3ltc?jobsource=checkc,44億,
聯亞光電工業股份有限公司,325,台南市善化區,2020-05-25 11:57:00,,光電產業,https://www.104.com.tw/company/7czgnio?jobsource=checkc,9億,
東宏國際開發股份有限公司,10,高雄市苓雅區,2020-05-04 10:07:00,,建築工程業,https://www.104.com.tw/company/aq53wf4?jobsource=checkc,1億,
岱宇國際股份有限公司,600,彰化縣和美鎮,2020-05-25 11:55:00,,育樂用品製造業,https://www.104.com.tw/company/awt21ew?jobsource=checkc,9億2950萬元,
新萊應材科技有限公司,180,台中市大甲區,2020-05-25 11:56:00,,金屬加工用機械製造修配業,https://www.104.com.tw/company/1a2x6bih35?jobsource=checkc,9199萬元,
(ASML)台灣艾司摩爾科技股份有限公司,2500,新竹市,2020-05-25 11:54:00,,半導體製造業,https://www.104.com.tw/company/1a2x6bkj5x?jobsource=checkc,18億8000萬元,
大鵬科技股份有限公司,350,台北市內湖區,2020-05-25 11:55:00,,其他電子零組件相關業,https://www.104.com.tw/company/9rcsoa0?jobsource=checkc,1億5000萬元,
欣達環工股份有限公司,170,台北市大安區,2020-05-25 11:55:00,,環境衛生及污染防治服務業,https://www.104.com.tw/company/1a2x6bknoo?jobsource=checkc,16億,
昊聲訊息技術有限公司,50,新竹縣竹北市,2020-05-25 11:55:00,,電腦軟體服務業,https://www.104.com.tw/company/1a2x6bkalx?jobsource=checkc,1000萬元,
LG_ 臺灣樂金生活健康股份有限公司,400,台北市信義區,2020-05-18 10:30:00,,綜合商品批發代理業,https://www.104.com.tw/company/b61zgq0?jobsource=checkc,暫不提供,
ABB Power Grids_艾波比電網股份有限公司,暫不提供,台北市內湖區,2020-04-23 16:10:00,,自動控制相關業,https://www.104.com.tw/company/1a2x6bl20i?jobsource=checkc,暫不提供,
立德電子股份有限公司,4000,新北市新店區,2020-05-18 10:27:00,,其他電子零組件相關業,https://www.104.com.tw/company/hgrp474?jobsource=checkc,20億,成交客戶(Customer)
必勝客Pizza Hut/肯德基KFC_富利餐飲股份有限公司,10666,台北市中山區,2020-05-11 10:02:00,,其他餐飲業,https://www.104.com.tw/company/18mvg57k?jobsource=checkc,24億5000萬元,
集佳股份有限公司,70,新北市汐止區,2020-05-25 11:57:00,,電腦及其週邊設備製造業,https://www.104.com.tw/company/a9owfnc?jobsource=checkc,8050萬元,
(總公司)南山人壽保險股份有限公司,4000,台北市信義區,2020-05-25 11:56:00,,人身保險業,https://www.104.com.tw/company/59glysw?jobsource=checkc,1500億,
能元科技股份有限公司,900,台南市善化區,2020-05-25 11:56:00,,光電產業,https://www.104.com.tw/company/7jwtqo8?jobsource=checkc,56億6000萬元,
台灣米高蒲志國際股份有限公司,暫不提供,台北市信義區,2020-05-25 11:54:00,,人力仲介代徵,https://www.104.com.tw/company/1a2x6bj0p0?jobsource=checkc,500萬元,
皇霖實業股份有限公司,30,桃園市桃園區,2020-05-25 11:57:00,,紡織成衣業,https://www.104.com.tw/company/3igtu1s?jobsource=checkc,5000萬元,
健亞生物科技股份有限公司,170,新竹縣湖口鄉,2020-05-25 11:56:00,,藥品製造業,https://www.104.com.tw/company/12no58kw?jobsource=checkc,10億806萬元,
台灣參天製藥股份有限公司,35,台北市中山區,2020-05-25 11:55:00,,藥品製造業,https://www.104.com.tw/company/13omqfhc?jobsource=checkc,4200萬元,
鼎盛工程顧問有限公司,5,台中市西屯區,2020-05-18 10:29:00,,建築及工程技術服務業,https://www.104.com.tw/company/1a2x6bketn?jobsource=checkc,500萬元,
中化居家照顧_中化銀髮事業股份有限公司,暫不提供,台北市內湖區,2020-05-11 10:04:00,,其他醫療保健服務業,https://www.104.com.tw/company/cuq4zj4?jobsource=checkc,暫不提供,
聯合通商電子商務股份有限公司,100,台北市松山區,2020-05-25 11:56:00,,電腦軟體服務業,https://www.104.com.tw/company/5tlomsg?jobsource=checkc,4億,
力成科技股份有限公司,10600,新竹縣湖口鄉,2020-05-25 11:55:00,,半導體製造業,https://www.104.com.tw/company/7dyysmw?jobsource=checkc,77億9146萬元,
美商史丹利_偉全企業股份有限公司,220,台中市大里區,2020-05-25 11:56:00,,其他金屬相關製造業,https://www.104.com.tw/company/13y5tbfc?jobsource=checkc,3億9730萬元,
臺北市北投健康管理醫院,暫不提供,台北市北投區,2020-04-23 16:11:00,,醫院,https://www.104.com.tw/company/1a2x6bj3b1?jobsource=checkc,暫不提供,
英屬維京群島商華威仲成股份有限公司台灣分公司,40,台北市大安區,2020-05-25 11:54:00,,電腦系統整合服務業,https://www.104.com.tw/company/ocpt2mg?jobsource=checkc,4500萬元,
台灣諾華股份有限公司,630,台北市中山區,2020-05-04 10:09:00,,其他醫療保健服務業,https://www.104.com.tw/company/p2xrk8?jobsource=checkc,1億7000萬元,
台灣寶龍達信息技術有限公司,暫不提供,台北市內湖區,2020-05-25 11:56:00,,電腦軟體服務業,https://www.104.com.tw/company/1a2x6bkpl1?jobsource=checkc,暫不提供,
伯東國際通商股份有限公司,60,台北市中山區,2020-05-25 11:55:00,,電腦及其週邊設備製造業,https://www.104.com.tw/company/18n5cv14?jobsource=checkc,1億5500萬元,
彼而德科技股份有限公司,30,台南市南區,2020-05-25 11:55:00,,電腦系統整合服務業,https://www.104.com.tw/company/1a2x6bj7s0?jobsource=checkc,560萬元,
汎亞人力資源管理顧問有限公司,暫不提供,台北市大安區,2020-05-25 11:57:00,,人力仲介代徵,https://www.104.com.tw/company/13wz3bdc?jobsource=checkc,暫不提供,
朝宇航太科技股份有限公司,100,高雄市岡山區,2020-05-25 11:56:00,,其他商品批發業,https://www.104.com.tw/company/om1w82g?jobsource=checkc,3億900萬元,
致遠聯合會計師事務所,暫不提供,台北市內湖區,2020-05-04 10:09:00,,會計服務業,https://www.104.com.tw/company/1weuunk?jobsource=checkc,暫不提供,
遠鑫電子票證股份有限公司,暫不提供,新北市板橋區,2020-05-25 11:56:00,,其他金融及輔助業,https://www.104.com.tw/company/1a2x6bian9?jobsource=checkc,暫不提供,
禾多移動多媒體股份有限公司,21,台北市中山區,2020-04-23 16:13:00,,數位內容產業,https://www.104.com.tw/company/1a2x6biaz4?jobsource=checkc,5284萬元,
建漢科技股份有限公司,3000,新竹市,2020-05-25 11:54:00,,網際網路相關業,https://www.104.com.tw/company/7mg64m8?jobsource=checkc,32億5000萬元,
雲乳食品科技股份有限公司,92,雲林縣斗六市,2020-05-18 10:29:00,,乳品製造業,https://www.104.com.tw/company/10v74ea8?jobsource=checkc,5700萬元,
諾威光電科技有限公司,暫不提供,台南市安平區,2020-04-23 16:12:00,,光電產業,https://www.104.com.tw/company/bhm57bc?jobsource=checkc,暫不提供,
海盜船科技股份有限公司,暫不提供,桃園市大園區,2020-05-25 11:57:00,,電腦系統整合服務業,https://www.104.com.tw/company/cuim4rc?jobsource=checkc,暫不提供,
香港商科信精密有限公司台灣分公司,暫不提供,台北市中山區,2020-05-04 10:11:00,,電腦軟體服務業,https://www.104.com.tw/company/1a2x6bkqvl?jobsource=checkc,暫不提供,
乾杯股份有限公司,1200,台北市中正區,2020-05-25 11:55:00,,其他餐飲業,https://www.104.com.tw/company/wd0hg20?jobsource=checkc,2億,
威策電腦股份有限公司,400,桃園市桃園區,2020-05-25 11:57:00,,電腦系統整合服務業,https://www.104.com.tw/company/aa5psuw?jobsource=checkc,5000萬元,
台揚科技股份有限公司,400,新竹市,2020-05-25 11:56:00,,通訊機械器材相關業,https://www.104.com.tw/company/lpiuzbk?jobsource=checkc,22億8028萬元,
美商紐馬克工業有限公司,暫不提供,台北市松山區,2020-05-25 11:55:00,,家庭電器／設備及用品批發業,https://www.104.com.tw/company/7qgrpuo?jobsource=checkc,暫不提供,
大成長城企業股份有限公司,2200,台南市永康區,2020-05-25 11:55:00,,農／畜／水產品批發業,https://www.104.com.tw/company/xjf9b4o?jobsource=checkc,82億7000萬元,
榕懋實業股份有限公司,250,嘉義縣民雄鄉,2020-05-18 10:29:00,,醫療器材製造業,https://www.104.com.tw/company/asyohrk?jobsource=checkc,暫不提供,
友華生技醫藥股份有限公司,暫不提供,台北市大安區,2020-05-25 11:54:00,,藥品製造業,https://www.104.com.tw/company/5p1fs4w?jobsource=checkc,暫不提供,
銀泰科技股份有限公司,500,台中市神岡區,2020-05-25 11:57:00,,精密儀器相關製造業,https://www.104.com.tw/company/avyw6d4?jobsource=checkc,10億,
威剛科技股份有限公司,550,新北市中和區,2020-05-25 11:58:00,,電腦及其週邊設備製造業,https://www.104.com.tw/company/5wp49rs?jobsource=checkc,21億9萬元,
冠萬鼎實業有限公司,1800,高雄市大寮區,2020-05-25 11:56:00,,綜合商品批發代理業,https://www.104.com.tw/company/18kefvtc?jobsource=checkc,暫不提供,
全興飼料股份有限公司,350,屏東縣內埔鄉,2020-05-18 10:30:00,,農／畜／水產品批發業,https://www.104.com.tw/company/12b7n7mw?jobsource=checkc,3億160萬元,
施羅德證券投資信託股份有限公司,73,台北市信義區,2020-05-11 10:04:00,,信託投資業,https://www.104.com.tw/company/wj6sie8?jobsource=checkc,3億4800萬元,
台泥企業團_臺泥資訊股份有限公司,90,台北市中山區,2020-05-25 11:54:00,,電腦及其週邊設備製造業,https://www.104.com.tw/company/b0q0a94?jobsource=checkc,1億5000萬元,
香港商福維克樂智有限公司台灣分公司,210,台北市中正區,2020-05-25 11:56:00,,家用電器製造業,https://www.104.com.tw/company/12wwm2o0?jobsource=checkc,暫不提供,
"Ri Connect, Inc._振鈺數位服務股份有限公司",暫不提供,台中市北屯區,2020-05-25 11:57:00,,電腦軟體服務業,https://www.104.com.tw/company/1a2x6bkx3o?jobsource=checkc,1億,
立景創新科技有限公司,暫不提供,新北市中和區,2020-05-25 11:54:00,,光學器材製造業,https://www.104.com.tw/company/1a2x6bkiwz?jobsource=checkc,暫不提供,
哈瑪星科技股份有限公司,130,高雄市前鎮區,2020-05-25 11:54:00,,電腦軟體服務業,https://www.104.com.tw/company/7q9m5h4?jobsource=checkc,1億,
台灣希克斯國際股份有限公司,暫不提供,台北市松山區,2020-05-25 11:57:00,,綜合商品批發代理業,https://www.104.com.tw/company/7e8wsr4?jobsource=checkc,500萬元,
新聿科技股份有限公司,600,新北市土城區,2020-05-25 11:57:00,,其他電子零組件相關業,https://www.104.com.tw/company/ddzdlsw?jobsource=checkc,1億8000萬元,
台灣惠而浦股份有限公司,100,新北市板橋區,2020-05-25 11:55:00,,家庭電器／設備及用品批發業,https://www.104.com.tw/company/d8qtyv4?jobsource=checkc,暫不提供,
英屬維京群島商祥茂光電科技股份有限公司台灣分公司,1400,新北市林口區,2020-05-25 11:54:00,,光電產業,https://www.104.com.tw/company/d1uwq80?jobsource=checkc,21億,
碩誠國際股份有限公司,暫不提供,台北市松山區,2020-05-25 11:54:00,,電腦軟體服務業,https://www.104.com.tw/company/1a2x6bj2kt?jobsource=checkc,1億,
全球傳動科技股份有限公司,1100,新北市樹林區,2020-05-25 11:54:00,,其他機械製造修配業,https://www.104.com.tw/company/dee6w3s?jobsource=checkc,9億6600萬元,
中華工程股份有限公司,800,台北市松山區,2020-05-25 11:57:00,,建築工程業,https://www.104.com.tw/company/yhxkbog?jobsource=checkc,152億,
李長榮化學工業股份有限公司,1000,台北市松山區,2020-05-25 11:55:00,,化學原料製造業,https://www.104.com.tw/company/hxvzfrc?jobsource=checkc,100億,
Q Burger_饗樂餐飲實業股份有限公司,500,新北市新莊區,2020-05-25 11:54:00,,餐館業,https://www.104.com.tw/company/1a2x6biqx1?jobsource=checkc,870萬元,
可成科技股份有限公司,30000,台南市永康區,2020-05-25 11:57:00,,電腦及其週邊設備製造業,https://www.104.com.tw/company/w44447k?jobsource=checkc,77億3萬元,
崑勝股份有限公司,暫不提供,南投縣南投市,2020-05-25 11:56:00,,金屬表面處理及熱處理業,https://www.104.com.tw/company/1a2x6bl487?jobsource=checkc,250萬元,
IBM_台灣國際商業機器股份有限公司,暫不提供,台北市信義區,2020-05-25 11:54:00,,電腦系統整合服務業,https://www.104.com.tw/company/5h3lyhs?jobsource=checkc,3億6萬元,
雲馥數位股份有限公司,36,台北市中山區,2020-05-25 11:57:00,,網際網路相關業,https://www.104.com.tw/company/1a2x6bk5w4?jobsource=checkc,1億,
BOSCH_台灣羅伯特博世股份有限公司,200,台北市中山區,2020-04-23 16:11:00,,其他汽機車相關業,https://www.104.com.tw/company/10vk7syo?jobsource=checkc,2億2772萬元,
佳世達科技股份有限公司,9000,桃園市龜山區,2020-05-18 10:27:00,,電腦及其週邊設備製造業,https://www.104.com.tw/company/5qkelsg?jobsource=checkc,154億,潛在客戶(Prospect)
台灣神隆股份有限公司,700,台南市善化區,2020-05-25 11:56:00,,藥品製造業,https://www.104.com.tw/company/7erhbvs?jobsource=checkc,79億,
旭申國際科技股份有限公司,600,桃園市楊梅區,2020-05-25 11:56:00,,金屬加工用機械製造修配業,https://www.104.com.tw/company/1a2x6bk8w0?jobsource=checkc,8800萬元,
英屬維京群島商天材創新材料科技股份有限公司台灣分公司,100,桃園市中壢區,2020-05-04 10:09:00,,化學原料製造業,https://www.104.com.tw/company/1a2x6bk4ep?jobsource=checkc,暫不提供,
台灣日立金屬股份有限公司台北分公司,120,台北市中正區,2020-05-25 11:55:00,,其他金屬相關製造業,https://www.104.com.tw/company/1a2x6biqym?jobsource=checkc,5050萬元,
艾力特科技有限公司,50,台北市中山區,2020-05-25 11:54:00,,電腦系統整合服務業,https://www.104.com.tw/company/1a2x6bj1x1?jobsource=checkc,1200萬元,
宣德科技股份有限公司,2200,桃園市龜山區,2020-05-25 11:55:00,,其他電子零組件相關業,https://www.104.com.tw/company/ayprjpk?jobsource=checkc,16億78萬元,
敦泰電子股份有限公司,暫不提供,新竹市,2020-05-25 11:56:00,,IC設計相關業,https://www.104.com.tw/company/cw83dgg?jobsource=checkc,29億7000萬元,
誠品股份有限公司,1600,台北市信義區,2020-05-04 10:10:00,,百貨相關業,https://www.104.com.tw/company/amy7e2g?jobsource=checkc,11億2700萬元,
德凱認證股份有限公司,270,新北市林口區,2020-05-25 11:56:00,,檢測技術服務,https://www.104.com.tw/company/1a2x6bivot?jobsource=checkc,3億4000萬元,
三福氣體股份有限公司,600,台北市中山區,2020-05-04 10:11:00,張琳,其他相關製造業,https://www.104.com.tw/company/534aamg?jobsource=checkc,35億,成交客戶(Customer)
艾克爾國際科技股份有限公司,18000,桃園市龍潭區,2020-05-25 11:57:00,,半導體製造業,https://www.104.com.tw/company/7n22a2o?jobsource=checkc,55億,
華夏玻璃股份有限公司,990,新竹市,2020-05-25 11:54:00,,玻璃及玻璃製品製造業,https://www.104.com.tw/company/ln3otk0?jobsource=checkc,6億5000萬元,
奇力新電子股份有限公司,700,新竹縣湖口鄉,2020-05-25 11:54:00,,被動電子元件製造業,https://www.104.com.tw/company/llekkg8?jobsource=checkc,23億,
迪芬尼聲學科技股份有限公司,350,台北市南港區,2020-05-25 11:54:00,,電子通訊/電腦週邊批發業,https://www.104.com.tw/company/1a2x6bkcxq?jobsource=checkc,暫不提供,
享點子_欣光食品股份有限公司,200,桃園市中壢區,2020-05-25 11:55:00,,其他食品製造業,https://www.104.com.tw/company/ak0e97k?jobsource=checkc,8006萬元,
網件有限公司,100,台北市內湖區,2020-05-25 11:57:00,,網際網路相關業,https://www.104.com.tw/company/112gv33s?jobsource=checkc,暫不提供,
聯合數位文創股份有限公司,145,新北市汐止區,2020-05-25 11:56:00,,藝文服務業,https://www.104.com.tw/company/1a2x6bjxbi?jobsource=checkc,2億,
康軒文教事業股份有限公司,800,新北市新店區,2020-05-25 11:55:00,,書籍出版業,https://www.104.com.tw/company/amq7cgw?jobsource=checkc,8億5300萬元,
碩益科技股份有限公司,140,台北市大安區,2020-05-25 11:54:00,,電腦軟體服務業,https://www.104.com.tw/company/10w5073c?jobsource=checkc,6350萬元,
致伸科技股份有限公司,10000,台北市內湖區,2020-05-25 11:57:00,,電腦及其週邊設備製造業,https://www.104.com.tw/company/cv6lny8?jobsource=checkc,44億,
香港商信可股份有限公司台灣分公司,300,台北市中山區,2020-05-25 11:57:00,,儲配／運輸物流業,https://www.104.com.tw/company/5ak0ryo?jobsource=checkc,5000萬元,
聯華氣體工業股份有限公司,400,台北市南港區,2020-05-25 11:57:00,,其他相關製造業,https://www.104.com.tw/company/2eyzq7c?jobsource=checkc,53億,
仁寶電腦工業股份有限公司,6500,台北市內湖區,2020-05-25 11:57:00,,電腦及其週邊設備製造業,https://www.104.com.tw/company/9qzgnew?jobsource=checkc,441億,
大東紡織股份有限公司,750,台北市松山區,2020-05-25 11:58:00,,紡紗業,https://www.104.com.tw/company/ng2ajsw?jobsource=checkc,9億1753萬元,
新加坡商安富利股份有限公司台灣分公司,900,台北市南港區,2020-05-25 11:55:00,,其他半導體相關業,https://www.104.com.tw/company/7qlu14g?jobsource=checkc,暫不提供,
豐藝電子股份有限公司,380,台北市內湖區,2020-05-25 11:56:00,,被動電子元件製造業,https://www.104.com.tw/company/a6chcdk?jobsource=checkc,17億9000萬元,
澳洲商艾萊門窗股份有限公司台灣分公司,暫不提供,台中市北屯區,2020-05-25 11:55:00,,建材╱傢俱批發業,https://www.104.com.tw/company/1a2x6bj2nh?jobsource=checkc,暫不提供,
新盛力科技股份有限公司,400,高雄市前鎮區,2020-05-25 11:55:00,,電池製造業,https://www.104.com.tw/company/wjpkqj4?jobsource=checkc,6億1975萬元,
EDOM_益登科技股份有限公司,750,台北市內湖區,2020-05-25 11:54:00,,其他半導體相關業,https://www.104.com.tw/company/18luf0xc?jobsource=checkc,22億2573萬元,
頂威工業有限公司,20,台中市太平區,2020-05-11 10:02:00,,金屬手工具製造業,https://www.104.com.tw/company/10uhfyyo?jobsource=checkc,4000萬元,
美商超微半導體股份有限公司台灣分公司,300,台北市南港區,2020-05-18 10:31:00,,半導體製造業,https://www.104.com.tw/company/ad0erwo?jobsource=checkc,500萬元,
卓也文旅景觀事業有限公司,80,苗栗縣三義鄉,2020-05-25 11:55:00,,休閒服務業,https://www.104.com.tw/company/12qywp8w?jobsource=checkc,1000萬元,
馬來西亞商白蘭氏三得利股份有限公司台灣分公司,250,台北市松山區,2020-05-25 11:56:00,,其他食品製造業,https://www.104.com.tw/company/ctwtpk8?jobsource=checkc,500萬元,
穩懋油壓_穩懋實業股份有限公司,10,南投縣草屯鎮,2020-05-25 11:56:00,,電力機械器材製造修配業,https://www.104.com.tw/company/13o9p4f4?jobsource=checkc,500萬元,
易勝資訊股份有限公司,80,台北市信義區,2020-05-25 11:54:00,,電腦軟體服務業,https://www.104.com.tw/company/1a2x6bj8og?jobsource=checkc,9000萬元,
伊雲谷數位科技股份有限公司,300,新北市三重區,2020-05-25 11:54:00,,網際網路相關業,https://www.104.com.tw/company/1a2x6bilhz?jobsource=checkc,8億,
國際中橡投資控股股份有限公司,1800,台北市中山區,2020-05-25 11:55:00,,橡膠製品製造業,https://www.104.com.tw/company/20gzwsw?jobsource=checkc,62億,
台灣英飛凌科技股份有限公司,160,台北市南港區,2020-05-04 10:09:00,,半導體製造業,https://www.104.com.tw/company/1127407s?jobsource=checkc,2億4900萬元,
瑞軒科技股份有限公司,3500,新北市中和區,2020-05-18 10:31:00,,消費性電子產品製造業,https://www.104.com.tw/company/130l2f5s?jobsource=checkc,81億,
晟德大藥廠股份有限公司,177,台北市南港區,2020-05-25 11:54:00,,藥品製造業,https://www.104.com.tw/company/8jppo1s?jobsource=checkc,41億,
嘉澤端子工業股份有限公司,9000,基隆市安樂區,2020-05-25 11:54:00,,電腦及其週邊設備製造業,https://www.104.com.tw/company/a7vl51k?jobsource=checkc,10億3477萬元,
東友科技股份有限公司,485,桃園市觀音區,2020-05-25 11:55:00,,事務機器製造業,https://www.104.com.tw/company/7e4h9p4?jobsource=checkc,11億2500萬元,
TOTO_台灣東陶股份有限公司,460,台北市信義區,2020-05-04 10:10:00,薛至廷,家庭電器／設備及用品批發業,https://www.104.com.tw/company/aet6wp4?jobsource=checkc,2億946萬元,成交客戶(Customer)
花仙子企業股份有限公司,180,台北市大同區,2020-05-25 11:55:00,,百貨相關業,https://www.104.com.tw/company/3jhmzao?jobsource=checkc,6億3900萬元,
台灣英創管理顧問股份有限公司,暫不提供,台北市松山區,2020-05-18 10:28:00,,人力仲介代徵,https://www.104.com.tw/company/1a2x6bj0p8?jobsource=checkc,1000萬元,
株式会社スプリングテック,32,日本,2020-05-25 11:57:00,,電腦系統整合服務業,https://www.104.com.tw/company/1a2x6bkrjm?jobsource=checkc,暫不提供,
新加坡商必帝股份有限公司台灣分公司,70,台北市信義區,2020-05-25 11:57:00,,醫療器材製造業,https://www.104.com.tw/company/aarreaw?jobsource=checkc,1億9238萬元,
展碁國際股份有限公司,270,台北市中正區,2020-05-25 11:54:00,,電腦及其週邊設備製造業,https://www.104.com.tw/company/9jjuzoo?jobsource=checkc,7億,
孚創雲端股份有限公司,80,台北市內湖區,2020-05-25 11:58:00,,其它軟體及網路相關業,https://www.104.com.tw/company/1a2x6bj41h?jobsource=checkc,暫不提供,
碩達系統股份有限公司,暫不提供,台北市大安區,2020-05-25 11:54:00,,電腦軟體服務業,https://www.104.com.tw/company/1a2x6bkrpw?jobsource=checkc,暫不提供,
聯合利華股份有限公司,320,台北市信義區,2020-05-11 10:03:00,薛至廷,百貨相關業,https://www.104.com.tw/company/at34rts?jobsource=checkc,6億3200萬元,潛在客戶(Prospect)
某外商股份有限公司,暫不提供,台北市內湖區,2020-05-25 11:56:00,,醫療器材製造業,https://www.104.com.tw/company/cxxcuu0?jobsource=checkc,暫不提供,
香港商台灣賽博股份有限公司台灣分公司,80,台北市士林區,2020-05-25 11:55:00,,家庭電器／設備及用品批發業,https://www.104.com.tw/company/10rjyxag?jobsource=checkc,暫不提供,
漢達生技醫藥股份有限公司,暫不提供,台南市新市區,2020-05-25 11:55:00,,其他專業╱科學及技術業,https://www.104.com.tw/company/1a2x6bjroz?jobsource=checkc,13億,
台灣諾和諾德藥品股份有限公司,100,台北市大安區,2020-05-18 10:31:00,,藥品製造業,https://www.104.com.tw/company/at4djpk?jobsource=checkc,暫不提供,
山威實業有限公司,暫不提供,台北市信義區,2020-05-25 11:57:00,,其他商品批發業,https://www.104.com.tw/company/b6g33ew?jobsource=checkc,暫不提供,
科盛科技股份有限公司,暫不提供,新竹縣竹北市,2020-05-25 11:55:00,,電腦軟體服務業,https://www.104.com.tw/company/1569whgo?jobsource=checkc,3億,
聯嘉光電股份有限公司,600,苗栗縣竹南鎮,2020-05-25 11:57:00,,光電產業,https://www.104.com.tw/company/152g9a48?jobsource=checkc,17億1128萬元,
瑞嘉軟體科技股份有限公司,200,台北市內湖區,2020-05-25 11:55:00,,電腦軟體服務業,https://www.104.com.tw/company/bjl4o88?jobsource=checkc,暫不提供,
實英實業股份有限公司,4000,新北市新店區,2020-05-18 10:30:00,,電腦及其週邊設備製造業,https://www.104.com.tw/company/a6juhwg?jobsource=checkc,暫不提供,
薩摩亞商宸展科技有限公司台灣分公司,900,台北市大安區,2020-05-25 11:56:00,,其他電子零組件相關業,https://www.104.com.tw/company/1a2x6bj720?jobsource=checkc,2億,
太陽光電能源科技股份有限公司,50,新竹縣湖口鄉,2020-05-25 11:57:00,,光電產業,https://www.104.com.tw/company/d0c1xmo?jobsource=checkc,15億6000萬元,
都會生活開發股份有限公司,430,高雄市新興區,2020-05-25 11:55:00,,旅館業,https://www.104.com.tw/company/ofsbx1s?jobsource=checkc,10億,
香港商偉得國際有限公司台灣分公司,暫不提供,雲林縣莿桐鄉,2020-04-23 16:09:00,,鞋類╱布類╱服飾品批發業,https://www.104.com.tw/company/1a2x6bkyy2?jobsource=checkc,暫不提供,
華立企業股份有限公司,450,台北市松山區,2020-05-25 11:55:00,,半導體製造業,https://www.104.com.tw/company/yovc2m0?jobsource=checkc,23億1400萬元,
隆典實業股份有限公司,暫不提供,台中市太平區,2020-05-11 10:01:00,,鞋類製造業,https://www.104.com.tw/company/po4mkfk?jobsource=checkc,3億1346萬元,
東元電機股份有限公司,2500,台北市南港區,2020-05-25 11:57:00,,電力機械器材製造修配業,https://www.104.com.tw/company/57ewf0y?jobsource=checkc,196億,
雲智匯科技服務股份有限公司,50,新竹縣竹北市,2020-05-18 10:27:00,,其他電子零組件相關業,https://www.104.com.tw/company/1a2x6bjr0y?jobsource=checkc,3億6000萬元,同業(Competitor) 
同欣電子工業股份有限公司,1600,新北市鶯歌區,2020-05-25 11:57:00,,被動電子元件製造業,https://www.104.com.tw/company/1xwmz9s?jobsource=checkc,16億2000萬元,
凱亞國際有限公司,暫不提供,台北市松山區,2020-05-25 11:55:00,,建材╱傢俱批發業,https://www.104.com.tw/company/1a2x6bk2qm?jobsource=checkc,暫不提供,
壹東實業股份有限公司,128,高雄市三民區,2020-05-18 10:28:00,林嘉瑞,金屬表面處理及熱處理業,https://www.104.com.tw/company/11ot8ryg?jobsource=checkc,7億2000萬元,成交客戶(Customer)
華致資訊開發股份有限公司,200,高雄市楠梓區,2020-05-25 11:57:00,,電腦系統整合服務業,https://www.104.com.tw/company/wjpgnxc?jobsource=checkc,5000萬元,
晶睿通訊股份有限公司,823,新北市中和區,2020-05-25 11:58:00,,多媒體相關業,https://www.104.com.tw/company/whb9w2w?jobsource=checkc,8億4478萬元,
台灣泛亞班拿股份有限公司,100,台北市內湖區,2020-05-25 11:57:00,,貨運承攬業,https://www.104.com.tw/company/eb9gr94?jobsource=checkc,暫不提供,
台灣糖果通訊科技有限公司,暫不提供,台北市內湖區,2020-05-25 11:58:00,,電子通訊/電腦週邊批發業,https://www.104.com.tw/company/1a2x6bjruc?jobsource=checkc,暫不提供,
津味實業(上海)有限公司,暫不提供,上海市,2020-04-23 16:11:00,,餐館業,https://www.104.com.tw/company/1a2x6bkthg?jobsource=checkc,1000萬元,
健鼎科技股份有限公司,25000,桃園市平鎮區,2020-05-18 10:29:00,,電腦及其週邊設備製造業,https://www.104.com.tw/company/13ok8whk?jobsource=checkc,52億,
龍騰文化事業股份有限公司,320,新北市五股區,2020-05-25 11:56:00,,書籍出版業,https://www.104.com.tw/company/au6siqw?jobsource=checkc,1億1000萬元,
欣美實業股份有限公司,200,南投縣南投市,2020-05-11 10:02:00,,非金屬家具及裝設品製造業,https://www.104.com.tw/company/ak3cjlk?jobsource=checkc,3億3000萬元,
芙彤園股份有限公司,暫不提供,台北市內湖區,2020-04-23 16:11:00,,藥品╱化妝品及清潔用品零售業,https://www.104.com.tw/company/1a2x6bksxq?jobsource=checkc,暫不提供,
沃醫學有限公司,暫不提供,台北市內湖區,2020-05-25 11:55:00,,醫療器材製造業,https://www.104.com.tw/company/oedjhqw?jobsource=checkc,5200萬元,
僑威科技股份有限公司,4000,桃園市蘆竹區,2020-05-25 11:56:00,,電腦及其週邊設備製造業,https://www.104.com.tw/company/12uovylc?jobsource=checkc,22億,
鴻海集團_三創數位股份有限公司,暫不提供,台北市中正區,2020-05-11 10:01:00,薛至廷,百貨相關業,https://www.104.com.tw/company/bjprhmo?jobsource=checkc,20億,潛在客戶(Prospect)
力暘能源股份有限公司,138,台中市西屯區,2020-05-25 11:56:00,,電力機械器材製造修配業,https://www.104.com.tw/company/1a2x6bk1ca?jobsource=checkc,2億,
中興電工機械股份有限公司,2000,桃園市龜山區,2020-05-25 11:57:00,,通用機械設備製造修配業,https://www.104.com.tw/company/f68w1j4?jobsource=checkc,42億,
和碩集團_和碩聯合科技股份有限公司,6000,台北市北投區,2020-05-25 11:55:00,,電腦及其週邊設備製造業,https://www.104.com.tw/company/d6gs5o8?jobsource=checkc,220億,
南僑投資控股股份有限公司,1700,台北市大同區,2020-05-25 11:57:00,,食用油品及榖製品製造業,https://www.104.com.tw/company/3ctici8?jobsource=checkc,40億,
華晶科技股份有限公司,600,新竹市,2020-05-25 11:56:00,,IC設計相關業,https://www.104.com.tw/company/18pag3zc?jobsource=checkc,50億,
台灣表面黏著科技股份有限公司,800,桃園市桃園區,2020-05-04 10:10:00,林嘉瑞,消費性電子產品製造業,https://www.104.com.tw/company/awbqvrs?jobsource=checkc,25億7000萬元,潛在客戶(Prospect)
統亞電子科技股份有限公司,暫不提供,台南市安南區,2020-05-04 10:10:00,,汽車及其零件製造業,https://www.104.com.tw/company/aoak7tk?jobsource=checkc,1億,
誠品生活股份有限公司,750,台北市信義區,2020-05-04 10:10:00,,百貨相關業,https://www.104.com.tw/company/cuah2ls?jobsource=checkc,4億4000萬元,
安華聯網科技股份有限公司,暫不提供,新北市新店區,2020-05-11 10:04:00,,電腦軟體服務業,https://www.104.com.tw/company/1a2x6bizw6?jobsource=checkc,暫不提供,
和信超媒體股份有限公司戲谷分公司,150,台北市內湖區,2020-05-25 11:57:00,,網際網路相關業,https://www.104.com.tw/company/ctyc4o0?jobsource=checkc,6億,
產協企業股份有限公司,170,台北市中山區,2020-05-25 11:55:00,,化學原料製造業,https://www.104.com.tw/company/5fn83ag?jobsource=checkc,7億8800萬元,
香港商班德威有限公司台灣分公司,暫不提供,台北市內湖區,2020-05-25 11:57:00,,綜合商品批發代理業,https://www.104.com.tw/company/1a2x6bjni4?jobsource=checkc,暫不提供,
中勤人力資源管理顧問股份有限公司,暫不提供,台北市松山區,2020-05-25 11:57:00,,人力仲介代徵,https://www.104.com.tw/company/1a2x6bj1i2?jobsource=checkc,6000萬元,
一起吧生活科技有限公司,暫不提供,台北市中山區,2020-04-23 16:11:00,,人力仲介代徵,https://www.104.com.tw/company/1a2x6bkjs9?jobsource=checkc,暫不提供,
優捷勝股份有限公司,暫不提供,新北市汐止區,2020-05-11 10:01:00,,電信相關業,https://www.104.com.tw/company/5y1jrz4?jobsource=checkc,暫不提供,
文曄集團_文曄科技股份有限公司,2500,新北市中和區,2020-05-25 11:57:00,,其他半導體相關業,https://www.104.com.tw/company/12tgftnk?jobsource=checkc,50億,
正隆股份有限公司,3000,新北市板橋區,2020-05-18 10:28:00,,紙相關製造業,https://www.104.com.tw/company/f7699cw?jobsource=checkc,110億,潛在客戶(Prospect)
緯穎科技服務股份有限公司,800,新北市汐止區,2020-05-25 11:55:00,,電腦及其週邊設備製造業,https://www.104.com.tw/company/onw9tj4?jobsource=checkc,17億,
日煙國際製造股份有限公司,暫不提供,台南市安南區,2020-05-25 11:55:00,,菸草製造業,https://www.104.com.tw/company/1a2x6bja36?jobsource=checkc,暫不提供,
台灣恩悌悌數據股份有限公司,180,台北市中正區,2020-05-25 11:54:00,,工商顧問服務業,https://www.104.com.tw/company/ofrit7k?jobsource=checkc,2500萬元,
聚和國際股份有限公司,400,高雄市大寮區,2020-05-25 11:57:00,,化學原料製造業,https://www.104.com.tw/company/1y6i9e9?jobsource=checkc,16億8000萬元,
德商默克在台集團_台灣默克股份有限公司,235,台北市內湖區,2020-05-18 10:30:00,,生化科技研發業,https://www.104.com.tw/company/at34wgg?jobsource=checkc,1億,
合晶科技股份有限公司,1500,桃園市龍潭區,2020-05-25 11:55:00,,半導體製造業,https://www.104.com.tw/company/7ewbe34?jobsource=checkc,60億,
擎昊科技股份有限公司,226,新竹縣竹北市,2020-05-25 11:58:00,,電腦系統整合服務業,https://www.104.com.tw/company/5xunhpc?jobsource=checkc,3億6000萬元,
華南產物保險股份有限公司,1005,台北市信義區,2020-05-18 10:28:00,,產物保險業,https://www.104.com.tw/company/1kh9gso?jobsource=checkc,20億,
美磊科技股份有限公司,1800,桃園市平鎮區,2020-05-25 11:55:00,,被動電子元件製造業,https://www.104.com.tw/company/avt61u8?jobsource=checkc,9億3500萬元,
崇仁科技事業股份有限公司,700,宜蘭縣五結鄉,2020-05-18 10:28:00,林嘉瑞,醫療器材製造業,https://www.104.com.tw/company/a950j9s?jobsource=checkc,1億5000萬元,潛在客戶(Prospect)
Cooler Master_訊凱國際股份有限公司,120,新北市中和區,2020-05-25 11:55:00,,電腦及其週邊設備製造業,https://www.104.com.tw/company/1a2x6bimny?jobsource=checkc,1億,
嘉捷科技企業股份有限公司,1600,新北市中和區,2020-05-25 11:54:00,,消費性電子產品製造業,https://www.104.com.tw/company/7js4svs?jobsource=checkc,9億2000萬元,
信昌電子陶瓷股份有限公司,600,桃園市楊梅區,2020-05-25 11:56:00,,其他電子零組件相關業,https://www.104.com.tw/company/auzfx5c?jobsource=checkc,18億6116萬元,
天虹科技股份有限公司,130,新竹縣竹北市,2020-05-25 11:55:00,,其他半導體相關業,https://www.104.com.tw/company/10uk3tkw?jobsource=checkc,1億6900萬元,
復盛股份有限公司,2300,台北市中山區,2020-05-25 11:55:00,,其他金屬相關製造業,https://www.104.com.tw/company/d67x5vk?jobsource=checkc,134億,
香港商盟倍力股份有限公司台灣分公司,暫不提供,新北市三重區,2020-05-25 11:57:00,,綜合商品批發代理業,https://www.104.com.tw/company/ocktl7c?jobsource=checkc,暫不提供,
西門子醫療設備股份有限公司,150,台北市南港區,2020-05-25 11:56:00,,其他醫療保健服務業,https://www.104.com.tw/company/1a2x6bjwt3?jobsource=checkc,暫不提供,
台灣先藝科技股份有限公司,300,新竹市,2020-05-25 11:55:00,,其他半導體相關業,https://www.104.com.tw/company/cs9k128?jobsource=checkc,100萬元,
