職缺內容,公司名稱,地址,薪資,網址
SAP ABAPer(HS181108014),樺漢科技股份有限公司_鴻海集團,新北市中和區,待遇面議,https://www.104.com.tw/job/57k03?jobsource=n104bank2
SAP工程師(HS190924043),樺漢科技股份有限公司_鴻海集團,新北市中和區,待遇面議,https://www.104.com.tw/job/6qsjd?jobsource=n104bank2
SAP 工程師,艾笛森光電股份有限公司,新北市中和區,待遇面議,https://www.104.com.tw/job/5e0n5?jobsource=n104bank2
SAP Sales,展眥篕琲悒鬫陪迨膝q,台北市中正區,待遇面議,https://www.104.com.tw/job/6rihr?jobsource=n104bank2
SAP FI/CO Business Analyst,大陸工程股份有限公司,台北市大安區,待遇面議,https://www.104.com.tw/job/5dfb7?jobsource=n104bank2
BIO_SAP Basis 工程師,晟德大藥廠股份有限公司,台北市南港區,待遇面議,https://www.104.com.tw/job/5sisa?jobsource=n104bank2
SAP 模組/ABAP顧問,碩達系統股份有限公司,台北市大安區,待遇面議,https://www.104.com.tw/job/6sr89?jobsource=n104bank2
SAP工程師,憶聲電子股份有限公司,桃園市中壢區,待遇面議,https://www.104.com.tw/job/6ird0?jobsource=n104bank2
資訊系統工程師(SAP),永信集團_永鴻國際生技股份有限公司,台中市西屯區,待遇面議,https://www.104.com.tw/job/6w3u8?jobsource=n104bank2
SAP Business One 顧問師/規劃師,台灣麥匯資訊科技股份有限公司,高雄市三民區,待遇面議,https://www.104.com.tw/job/6vhkd?jobsource=n104bank2
(IT) SAP ABAP開發工程師,嘉捷科技企業股份有限公司,新北市中和區,待遇面議,https://www.104.com.tw/job/69wou?jobsource=n104bank2
SAP工程師,嘉基科技股份有限公司,新北市中和區,待遇面議,https://www.104.com.tw/job/6s0pm?jobsource=n104bank2
SAP FI 顧問,台灣恩悌悌數據股份有限公司,台北市中正區,待遇面議,https://www.104.com.tw/job/3efva?jobsource=n104bank2
資訊系統工程師(SAP),永信集團_永鴻國際生技股份有限公司,新竹縣新豐鄉,待遇面議,https://www.104.com.tw/job/6w3ub?jobsource=n104bank2
Manager - SAP (BASIS),Deloitte_香港商德勤太平洋企業管理咨詢有限公司台灣分公司,台北市信義區,待遇面議,https://www.104.com.tw/job/6rfil?jobsource=n104bank2
SAP工程師(廣州),嘉澤端子工業股份有限公司,廣東省廣州市,待遇面議,https://www.104.com.tw/job/6op79?jobsource=n104bank2
Intern - SAP ,Deloitte_香港商德勤太平洋企業管理咨詢有限公司台灣分公司,台北市信義區,時薪158元,https://www.104.com.tw/job/6o92i?jobsource=n104bank2
SAP BPC 顧問,台灣恩悌悌數據股份有限公司,台北市中正區,待遇面議,https://www.104.com.tw/job/4pwno?jobsource=n104bank2
SAP工程師,世祥汽材製造廠股份有限公司,台中市烏日區,待遇面議,https://www.104.com.tw/job/6vmc0?jobsource=n104bank2
SAP Consultant (Taichung),Tata Consultancy Services Limited Taiwan Branch_印度商塔塔顧問服務有限公司台灣分公司,台中市西屯區,待遇面議,https://www.104.com.tw/job/6auex?jobsource=n104bank2
SAP文件管理師(Data Center),奇力新電子股份有限公司,新竹縣湖口鄉,"月薪30,000~35,000元",https://www.104.com.tw/job/5xk12?jobsource=n104bank2
SAP BASIS Consultant,伊雲谷數位科技股份有限公司,新北市三重區,待遇面議,https://www.104.com.tw/job/6qaj2?jobsource=n104bank2
BIO_SAP System analyst (MM/EWM/QM/PP),晟德大藥廠股份有限公司,台北市南港區,待遇面議,https://www.104.com.tw/job/6ob0c?jobsource=n104bank2
SAP工程師,維田科技股份有限公司,新北市中和區,待遇面議,https://www.104.com.tw/job/6w0l9?jobsource=n104bank2
SAP ERP工程師_069,乾坤科技股份有限公司_台達電子集團,新竹市,待遇面議,https://www.104.com.tw/job/6wbt6?jobsource=n104bank2
SAP Functional Analyst - FICO,好市多股份有限公司,台北市內湖區,待遇面議,https://www.104.com.tw/job/6fo06?jobsource=n104bank2
SAP PP 顧問,台灣恩悌悌數據股份有限公司,台北市中正區,待遇面議,https://www.104.com.tw/job/3gnms?jobsource=n104bank2
【資訊中心】SAP高級專員/專案經理,公隆化學股份有限公司,台北市信義區,待遇面議,https://www.104.com.tw/job/6tewi?jobsource=n104bank2
SAP ERP工程師,宏亞食品股份有限公司,桃園市八德區,"月薪28,000~35,000元",https://www.104.com.tw/job/6b53u?jobsource=n104bank2
SAP ERP工程師,揚明光學股份有限公司_YoungOptics Inc.,新竹市,待遇面議,https://www.104.com.tw/job/6o4ur?jobsource=n104bank2
SAP BASIS工程師,伊雲谷數位科技股份有限公司,新北市三重區,待遇面議,https://www.104.com.tw/job/6qai3?jobsource=n104bank2
SAP 顧問 (高雄),東捷資訊服務股份有限公司,高雄市苓雅區,待遇面議,https://www.104.com.tw/job/5th1y?jobsource=n104bank2
Consultant/Senior Consultant - SAP (BASIS) ,Deloitte_香港商德勤太平洋企業管理咨詢有限公司台灣分公司,台北市信義區,待遇面議,https://www.104.com.tw/job/6reyq?jobsource=n104bank2
SAP FI/CO 顧問,艾力特科技有限公司,台北市中山區,待遇面議,https://www.104.com.tw/job/6hgle?jobsource=n104bank2
SAP CO 顧問,台灣恩悌悌數據股份有限公司,台北市中正區,待遇面議,https://www.104.com.tw/job/343mr?jobsource=n104bank2
SAP Infra/Basis 系統工程師,英屬維京群島商華威仲成股份有限公司台灣分公司,台北市大安區,"月薪30,000~70,000元",https://www.104.com.tw/job/3ct4i?jobsource=n104bank2
SAP MM 顧問,台灣恩悌悌數據股份有限公司,台北市中正區,待遇面議,https://www.104.com.tw/job/3rnri?jobsource=n104bank2
SAP SD 顧問,台灣恩悌悌數據股份有限公司,台北市中正區,待遇面議,https://www.104.com.tw/job/3rsw1?jobsource=n104bank2
MIS工程師 (SAP),天鈺科技股份有限公司,新竹市,待遇面議,https://www.104.com.tw/job/4qp77?jobsource=n104bank2
SAP軟體顧問 FICO,台灣創建雲端有限公司,台北市松山區,待遇面議,https://www.104.com.tw/job/6mw47?jobsource=n104bank2
(1222)SAP工程師,中國探針股份有限公司,新北市板橋區,待遇面議,https://www.104.com.tw/job/61pqp?jobsource=n104bank2
SAP APO 顧問,台灣恩悌悌數據股份有限公司,台北市中正區,待遇面議,https://www.104.com.tw/job/5edfe?jobsource=n104bank2
SAP Basis 顧問,艾威科軟體股份有限公司,台北市信義區,待遇面議,https://www.104.com.tw/job/6gq6q?jobsource=n104bank2
SAP 系統專員,味全食品工業股份有限公司,台北市中山區,待遇面議,https://www.104.com.tw/job/5p1qf?jobsource=n104bank2
SAP 資深顧問,台灣恩悌悌數據股份有限公司,台北市中正區,待遇面議,https://www.104.com.tw/job/32voh?jobsource=n104bank2
SAP ERP資訊專員,和之合股份有限公司,台北市大安區,待遇面議,https://www.104.com.tw/job/6oqyd?jobsource=n104bank2
SAP 工程師(宜蘭/台北辦公均可),香港商麥迪康亞太有限公司台灣分公司,台北市信義區,待遇面議,https://www.104.com.tw/job/5odbw?jobsource=n104bank2
"SAP System Engineer (FICO), TW02627-043","經緯智庫股份有限公司 (MGR Consulting Co., Ltd.)",新北市汐止區,待遇面議,https://www.104.com.tw/job/6wles?jobsource=n104bank2
【資訊-SAP BASIS工程師】,合晶科技股份有限公司,桃園市龍潭區,待遇面議,https://www.104.com.tw/job/6vf6p?jobsource=n104bank2
SAP ABAP 工程師,德義資訊股份有限公司,台北市內湖區,待遇面議,https://www.104.com.tw/job/45p66?jobsource=n104bank2
SAP資訊工程師,町洋企業股份有限公司,新北市五股區,待遇面議,https://www.104.com.tw/job/3o7o1?jobsource=n104bank2
IT SAP MM/SD Project Manager,台灣麥當勞_和德昌股份有限公司,台北市中正區,待遇面議,https://www.104.com.tw/job/6tnql?jobsource=n104bank2
SAP系統 程式設計師,尖點科技股份有限公司,新北市樹林區,待遇面議,https://www.104.com.tw/job/6nupt?jobsource=n104bank2
R-SAP（FI/CO ）系統工程師（總公司內部職缺）,緯創軟體股份有限公司,新北市汐止區,待遇面議,https://www.104.com.tw/job/6q47f?jobsource=n104bank2
SAP系統分析師 _ 新竹 _ 00213,緯創資通股份有限公司,新竹市,"月薪30,000~60,000元",https://www.104.com.tw/job/6qd95?jobsource=n104bank2
MIS SAP ERP軟體工程師(新竹),台灣迪恩士半導體科技股份有限公司,新竹市,待遇面議,https://www.104.com.tw/job/6tow0?jobsource=n104bank2
SY10807_SAP資深管理師,健喬信元醫藥生技股份有限公司,台北市內湖區,待遇面議,https://www.104.com.tw/job/5zpug?jobsource=n104bank2
【資訊-SAP高級工程師】,合晶科技股份有限公司,桃園市龍潭區,待遇面議,https://www.104.com.tw/job/6us3a?jobsource=n104bank2
SAP 工程師 (祥圃集團),祥圃實業股份有限公司,台北市中山區,待遇面議,https://www.104.com.tw/job/5r1e6?jobsource=n104bank2
SAP資訊助理工程師,町洋企業股份有限公司,新北市五股區,"月薪35,000元以上",https://www.104.com.tw/job/6h09y?jobsource=n104bank2
SAP產品課程規劃與行銷專員,台灣麥匯資訊科技股份有限公司,高雄市三民區,"月薪26,000~40,000元",https://www.104.com.tw/job/6vhjp?jobsource=n104bank2
SAP FI/CO專案主管,味全食品工業股份有限公司,台北市中山區,待遇面議,https://www.104.com.tw/job/5ld21?jobsource=n104bank2
SAP系統維護工程師,世豐螺絲股份有限公司,高雄市彌陀區,"月薪35,000~42,000元",https://www.104.com.tw/job/4rahm?jobsource=n104bank2
SAP Business One ERP 業務經理,虎門科技股份有限公司,新北市板橋區,待遇面議,https://www.104.com.tw/job/2rig5?jobsource=n104bank2
IT-SAP-ABAP系統工程師,愛普科技股份有限公司,新竹縣竹北市,待遇面議,https://www.104.com.tw/job/6vhxq?jobsource=n104bank2
SAP Basis Consultant,Atos_台灣源訊科技股份有限公司,台北市松山區,待遇面議,https://www.104.com.tw/job/6gh7y?jobsource=n104bank2
SAP Module/ABAP(儲備)顧問,英屬維京群島商華威仲成股份有限公司台灣分公司,台北市大安區,"月薪30,000~70,000元",https://www.104.com.tw/job/6br75?jobsource=n104bank2
SAP系統管理師,偉力電器股份有限公司,台北市大安區,待遇面議,https://www.104.com.tw/job/6ka56?jobsource=n104bank2
SAP HANA資料庫駐點維運管理師（大台北區）,布魯科技有限公司,新北市汐止區,待遇面議,https://www.104.com.tw/job/6th1k?jobsource=n104bank2
SAP系統(資深)工程師,奇力新電子股份有限公司,新竹縣湖口鄉,待遇面議,https://www.104.com.tw/job/5j0l0?jobsource=n104bank2
SAP工程師／主管,GIS-KY(6456)業成集團_英特盛科技股份有限公司,苗栗縣竹南鎮,待遇面議,https://www.104.com.tw/job/6ptgt?jobsource=n104bank2
SAP系統工程師,友華生技醫藥股份有限公司,台北市大安區,待遇面議,https://www.104.com.tw/job/6vcsa?jobsource=n104bank2
Analyst/Consultant - SAP (ABAP),Deloitte_香港商德勤太平洋企業管理咨詢有限公司台灣分公司,台北市信義區,"月薪35,000~55,000元",https://www.104.com.tw/job/6nmqh?jobsource=n104bank2
SAP ABAP Developer,Atos_台灣源訊科技股份有限公司,台北市松山區,待遇面議,https://www.104.com.tw/job/6nage?jobsource=n104bank2
資訊部SAP系統管理 - J1714,廣達電腦股份有限公司,桃園市龜山區,"月薪34,000元以上",https://www.104.com.tw/job/6hxzg?jobsource=n104bank2
SAP 顧問,易勝資訊股份有限公司,台北市信義區,待遇面議,https://www.104.com.tw/job/6q41z?jobsource=n104bank2
SAP Business  ByDesign顧問師,台灣麥匯資訊科技股份有限公司,高雄市三民區,待遇面議,https://www.104.com.tw/job/6vhih?jobsource=n104bank2
SAP Function Internal Consultant-浙江嘉興_M,淳安電子股份有限公司,浙江省嘉興市,待遇面議,https://www.104.com.tw/job/6qj67?jobsource=n104bank2
SAP B1 ERP顧問,虎門科技股份有限公司,新北市板橋區,待遇面議,https://www.104.com.tw/job/3bocr?jobsource=n104bank2
SAP ERP Engineer (SD/MM/PP),香港商邁世國際有限公司台灣分公司,台北市中山區,待遇面議,https://www.104.com.tw/job/6bajx?jobsource=n104bank2
SAP管理工程師(進出口管理系統) - 新竹,美商_科林研發股份有限公司_Lam Research,新竹市,待遇面議,https://www.104.com.tw/job/6vrre?jobsource=n104bank2
SAP ABAP Engineer,Gogoro Taiwan Limited_睿能創意股份有限公司,桃園市龜山區,待遇面議,https://www.104.com.tw/job/6irrg?jobsource=n104bank2
(松山區近中山國中站) 知名美國藥商徵SAP project coordinator(年薪13個月/全薪病假/有機會轉長期)_OCS_132,藝珂人事顧問股份有限公司,台北市松山區,"月薪50,000~65,000元",https://www.104.com.tw/job/6wbop?jobsource=n104bank2
SAP ERP FI/CO/PP/MM模組顧問,碩益科技股份有限公司,台北市大安區,待遇面議,https://www.104.com.tw/job/40sn8?jobsource=n104bank2
SAP BI顧問,艾威科軟體股份有限公司,台北市信義區,待遇面議,https://www.104.com.tw/job/65n1r?jobsource=n104bank2
IT Basis Engineer(SAP/DBA)_Corp. IT (內湖),台達電子工業股份有限公司 _DELTA ELECTRONICS INC.,台北市內湖區,待遇面議,https://www.104.com.tw/job/6rxrv?jobsource=n104bank2
SAP系統工程師,華夏玻璃股份有限公司,新竹市,待遇面議,https://www.104.com.tw/job/61y6p?jobsource=n104bank2
SAP 資訊專員 (FI and BI系統維護與開發),美時化學製藥股份有限公司,台北市信義區,待遇面議,https://www.104.com.tw/job/6ua4z?jobsource=n104bank2
【建設】SAP應用管理師,遠雄建設事業股份有限公司,台北市信義區,待遇面議,https://www.104.com.tw/job/6mn7n?jobsource=n104bank2
【高薪】SAP Hana - MM 模組約聘駐點工程師 (新竹) (BXO),敦陽科技股份有限公司,新竹市,"月薪80,000~100,000元",https://www.104.com.tw/job/6k3q5?jobsource=n104bank2
SAP Business One 系統顧問,碩益科技股份有限公司,台北市大安區,待遇面議,https://www.104.com.tw/job/4q27d?jobsource=n104bank2
SAP數據分析工程師(竹科),晶元光電股份有限公司(晶電),新竹市,"月薪34,000~65,000元",https://www.104.com.tw/job/6dmn1?jobsource=n104bank2
SAP工程師,宏齊科技股份有限公司,新竹市,待遇面議,https://www.104.com.tw/job/65k1v?jobsource=n104bank2
系統工程師 / SAP BASIS顧問,碩達系統股份有限公司,台北市大安區,待遇面議,https://www.104.com.tw/job/6spro?jobsource=n104bank2
SAP軟體工程師,億豐綜合工業股份有限公司,台中市南屯區,待遇面議,https://www.104.com.tw/job/6u0wa?jobsource=n104bank2
【2020 德勤校園徵才計畫】Analyst – ERP (SAP) (含說明會.博覽會徵才場次),Deloitte_香港商德勤太平洋企業管理咨詢有限公司台灣分公司,台北市信義區,待遇面議,https://www.104.com.tw/job/6vs2f?jobsource=n104bank2
SAP BPC 顧問,艾威科軟體股份有限公司,台北市信義區,待遇面議,https://www.104.com.tw/job/6uugd?jobsource=n104bank2
740-資訊工程師(SAP BW)(新竹縣),兆赫電子股份有限公司,新竹縣湖口鄉,"月薪34,000~80,000元",https://www.104.com.tw/job/6bsqc?jobsource=n104bank2
資訊部SAP系統管理專員 - J0309,廣達電腦股份有限公司,桃園市龜山區,待遇面議,https://www.104.com.tw/job/69bp1?jobsource=n104bank2
SAP ME 顧問  (南科育成中心),台灣恩悌悌數據股份有限公司,台南市新市區,待遇面議,https://www.104.com.tw/job/55jhj?jobsource=n104bank2
SAP 模組導入顧問 (南部地區),台灣恩悌悌數據股份有限公司,台南市新市區,待遇面議,https://www.104.com.tw/job/6c0t5?jobsource=n104bank2
SAP工程師(外派廈門),宸鴻光電科技股份有限公司,福建省廈門市,待遇面議,https://www.104.com.tw/job/6o2vy?jobsource=n104bank2
SAP Business One 工程師,碩益科技股份有限公司,台北市大安區,待遇面議,https://www.104.com.tw/job/4rqrq?jobsource=n104bank2
SAP MII 顧問  (南科育成中心),台灣恩悌悌數據股份有限公司,台南市新市區,待遇面議,https://www.104.com.tw/job/55jku?jobsource=n104bank2
SAP ABAP工程師,天心工業股份有限公司,台中市霧峰區,"月薪30,000~40,000元",https://www.104.com.tw/job/6vdfy?jobsource=n104bank2
資訊部 SAP系統維護工程師,聯新國際醫院(原名稱:壢新醫院),桃園市平鎮區,待遇面議,https://www.104.com.tw/job/5mrdw?jobsource=n104bank2
SAP Engineer/ Consultant (台北/高雄),台泥企業團_臺泥資訊股份有限公司,台北市中山區,待遇面議,https://www.104.com.tw/job/6cux7?jobsource=n104bank2
SAP 平台技術顧問,碩益科技股份有限公司,台北市大安區,待遇面議,https://www.104.com.tw/job/6b6xc?jobsource=n104bank2
Consultant/Senior Consultant  - SAP,Deloitte_香港商德勤太平洋企業管理咨詢有限公司台灣分公司,台北市信義區,待遇面議,https://www.104.com.tw/job/6ffgm?jobsource=n104bank2
SAP 業務經理,台灣恩悌悌數據股份有限公司,台北市中正區,待遇面議,https://www.104.com.tw/job/3bdo1?jobsource=n104bank2
SAP ABAP 開發顧問,台灣恩悌悌數據股份有限公司,台北市中正區,待遇面議,https://www.104.com.tw/job/3hb9z?jobsource=n104bank2
2020 NTT Data 校園徵才  - SAP ERP / MES / Basis / ABAP 初階顧問,台灣恩悌悌數據股份有限公司,台北市中正區,"月薪35,000~50,000元",https://www.104.com.tw/job/60brs?jobsource=n104bank2
E-SAP系統工程師,緯創軟體股份有限公司,新北市汐止區,待遇面議,https://www.104.com.tw/job/4sj37?jobsource=n104bank2
ABAP開發工程師(SAP)_Corp. IT(台北內湖),台達電子工業股份有限公司 _DELTA ELECTRONICS INC.,台北市內湖區,待遇面議,https://www.104.com.tw/job/6h2ig?jobsource=n104bank2
資深 SAP ABAPER 顧問,艾威科軟體股份有限公司,台北市信義區,待遇面議,https://www.104.com.tw/job/6gq6v?jobsource=n104bank2
SAP MM/PP Engineer SAP MM/PP 模組系統工程師,Gogoro Taiwan Limited_睿能創意股份有限公司,桃園市龜山區,待遇面議,https://www.104.com.tw/job/6maz5?jobsource=n104bank2
SAP BI 資深顧問,台灣恩悌悌數據股份有限公司,台北市中正區,待遇面議,https://www.104.com.tw/job/40rnm?jobsource=n104bank2
CS - EUV SAP Coordinator - Hsinchu - 	req15598,(ASML)台灣艾司摩爾科技股份有限公司,新竹市,待遇面議,https://www.104.com.tw/job/6w9wz?jobsource=n104bank2
CS - EUV Install SAP Coordinator - Tainan - req12812,(ASML)台灣艾司摩爾科技股份有限公司,台南市新市區,待遇面議,https://www.104.com.tw/job/6tgpe?jobsource=n104bank2
【智能醫療】(台北) 資深 SAP 軟體工程師 (CO/FI 模組),康揚股份有限公司,台北市大安區,"月薪70,000元以上",https://www.104.com.tw/job/6pt2c?jobsource=n104bank2
SAP BASIS主管(上海),旺旺集團_宜蘭食品工業股份有限公司,上海市,"月薪80,000~160,000元",https://www.104.com.tw/job/6ukor?jobsource=jolist_c_relevance
SAP B1 ERP技術工程師,虎門科技股份有限公司,新北市板橋區,"月薪30,000~50,000元",https://www.104.com.tw/job/2kei5?jobsource=jolist_c_relevance
資訊資深專員 MIS (SAP),EDOM_益登科技股份有限公司,台北市內湖區,待遇面議,https://www.104.com.tw/job/5hnoq?jobsource=jolist_c_relevance
【南港區】知名外商半導體 徵 Customer Supply Representative 客戶供應專員 _使用SAP系統 OCS_134,藝珂人事顧問股份有限公司,台北市南港區,"月薪35,000~40,000元",https://www.104.com.tw/job/6v23o?jobsource=jolist_c_relevance
IT-SAP (  QM/WM Module ),迪芬尼聲學科技股份有限公司,台北市南港區,待遇面議,https://www.104.com.tw/job/6spk2?jobsource=jolist_c_relevance
SAP ERP顧問師-高雄,哈瑪星科技股份有限公司,高雄市前鎮區,待遇面議,https://www.104.com.tw/job/6brzl?jobsource=jolist_c_relevance
SAP資深顧問【智能方案事業群】(台北),佳世達科技股份有限公司,台北市內湖區,待遇面議,https://www.104.com.tw/job/6rwno?jobsource=jolist_c_relevance
SAP BO 設計人員,第一產物保險股份有限公司,台北市中正區,待遇面議,https://www.104.com.tw/job/6vmk7?jobsource=jolist_c_relevance
SAP ERP工程師,第一產物保險股份有限公司,台北市中正區,待遇面議,https://www.104.com.tw/job/6stjb?jobsource=jolist_c_relevance
SAP 軟體高級工程師(台北),俊良貿易股份有限公司,台北市中山區,待遇面議,https://www.104.com.tw/job/4sc3x?jobsource=jolist_c_relevance
ERP(SAP)工程師(竹科，PP模組),晶元光電股份有限公司(晶電),新竹市,"月薪34,000~65,000元",https://www.104.com.tw/job/2cnt6?jobsource=jolist_c_relevance
SAP ERP助理顧問師-高雄,哈瑪星科技股份有限公司,高雄市前鎮區,"月薪33,000~50,000元",https://www.104.com.tw/job/6cpec?jobsource=jolist_c_relevance
"SAP CRM, CX 顧問",艾威科軟體股份有限公司,台北市信義區,待遇面議,https://www.104.com.tw/job/6v0zz?jobsource=jolist_c_relevance
【智能醫療】(台北) 資深 SAP 軟體工程師 (PP 模組),康揚股份有限公司,台北市大安區,"月薪70,000元以上",https://www.104.com.tw/job/6wazz?jobsource=jolist_c_relevance
資訊系統工程師-SAP(上緯國際投資控股公司),上緯國際投資控股股份有限公司,南投縣南投市,待遇面議,https://www.104.com.tw/job/6v21x?jobsource=jolist_c_relevance
SAP ERP系統分析師(SD)_Corp. IT(台北內湖),台達電子工業股份有限公司 _DELTA ELECTRONICS INC.,台北市內湖區,待遇面議,https://www.104.com.tw/job/5f4l5?jobsource=jolist_c_relevance
資訊專員(鹿港廠),帝寶工業股份有限公司,彰化縣鹿港鎮,待遇面議,https://www.104.com.tw/job/6najt?jobsource=jolist_c_relevance
資訊系統應用管理師/專員,美律實業股份有限公司,台中市南屯區,待遇面議,https://www.104.com.tw/job/6r26m?jobsource=jolist_c_relevance
"SAP SD, MM,PP,FI, CO 顧問",艾威科軟體股份有限公司,台北市信義區,待遇面議,https://www.104.com.tw/job/6lmuc?jobsource=jolist_c_relevance
SAP ERP系統分析師(FI/CO),第一產物保險股份有限公司,台北市中正區,待遇面議,https://www.104.com.tw/job/6stj7?jobsource=jolist_c_relevance
全球知名農用化學品集團_Logistic Officer_KTS_0963,藝珂人事顧問股份有限公司,台北市信義區,"月薪35,000~45,000元",https://www.104.com.tw/job/6wuvy?jobsource=jolist_c_relevance
(隱形眼鏡)知名眼科藥廠_ 會計專員(負責貸方票據收集與對帳，使用SAP系統)* 外商藥廠體系SMS_818,藝珂人事顧問股份有限公司,台北市中正區,待遇面議,https://www.104.com.tw/job/6nwvm?jobsource=jolist_c_relevance
金融業會計測試系統專員 35K↑熟悉SAP系統佳 CH,全球人事顧問股份有限公司,台北市信義區,"月薪40,000元以上",https://www.104.com.tw/job/6p4kh?jobsource=jolist_c_relevance
SAP Finance and Logistics 顧問/專案經理-B215,精誠資訊股份有限公司,台北市內湖區,待遇面議,https://www.104.com.tw/job/4t7xk?jobsource=jolist_c_relevance
(大型外商)SAP(ERP) Engineer,億力資訊股份有限公司,台北市松山區,待遇面議,https://www.104.com.tw/job/6s4o9?jobsource=jolist_c_relevance
總公司-SAP ABAP開發工程師,佳瑪百貨股份有限公司,新北市蘆洲區,待遇面議,https://www.104.com.tw/job/6tunr?jobsource=jolist_c_relevance
高雄分公司-SAP ABAP開發工程師,佳瑪百貨股份有限公司,高雄市左營區,待遇面議,https://www.104.com.tw/job/6tuo8?jobsource=jolist_c_relevance
資訊工程師(鹿港廠),帝寶工業股份有限公司,彰化縣鹿港鎮,"月薪30,000~40,000元",https://www.104.com.tw/job/5uslb?jobsource=jolist_c_relevance
【東宏光電科技】ERP(SAP)工程師,東宏國際開發股份有限公司,新竹市,"月薪34,000~65,000元",https://www.104.com.tw/job/6wtcw?jobsource=jolist_c_relevance
【高薪】ERP-Tiptop ERP – Infromix -  4GL / SAP約聘駐點工程師 (台南) (BXO),敦陽科技股份有限公司,台南市新市區,"月薪50,000~70,000元",https://www.104.com.tw/job/6auyz?jobsource=jolist_c_relevance
MIS工程師,永裕塑膠工業股份有限公司,台南市仁德區,"月薪30,000~40,000元",https://www.104.com.tw/job/57oya?jobsource=jolist_c_relevance
ERP物料管理模組工程師(台北),千附實業股份有限公司,台北市大安區,待遇面議,https://www.104.com.tw/job/6vzs4?jobsource=jolist_c_relevance
遠雄企業團總管理處-系統設計專員(SAP.FICO/BI),遠雄企業團總管理處_信宇投資股份有限公司,台北市信義區,待遇面議,https://www.104.com.tw/job/6slg6?jobsource=jolist_c_relevance
SAP ERP系統分析師(FI/CO)_Corp. IT(台北內湖),台達電子工業股份有限公司 _DELTA ELECTRONICS INC.,台北市內湖區,待遇面議,https://www.104.com.tw/job/3wa6w?jobsource=jolist_c_relevance
SAP ERP系統分析師(MM/PP)_Corp. IT(台北內湖),台達電子工業股份有限公司 _DELTA ELECTRONICS INC.,台北市內湖區,待遇面議,https://www.104.com.tw/job/574m1?jobsource=jolist_c_relevance
ERP物料管理模組工程師(桃園),千附實業股份有限公司,桃園市蘆竹區,待遇面議,https://www.104.com.tw/job/6vzsd?jobsource=jolist_c_relevance
電能事業群-客服專員/業務助理,光寶科技股份有限公司,新北市中和區,"月薪30,000~60,000元",https://www.104.com.tw/job/5lutm?jobsource=jolist_c_relevance
SAP 業務主管,台灣恩悌悌數據股份有限公司,台北市中正區,待遇面議,https://www.104.com.tw/job/6q738?jobsource=jolist_c_relevance
ERP生產計劃模組工程師(桃園),千附實業股份有限公司,桃園市蘆竹區,待遇面議,https://www.104.com.tw/job/6vzb2?jobsource=jolist_c_relevance
"Senior Manager, IT Project Management",台灣大昌華嘉股份有限公司,台北市內湖區,待遇面議,https://www.104.com.tw/job/6w8dn?jobsource=jolist_c_relevance
ERP生產計劃模組工程師(潭子/中科后里),千附實業股份有限公司,台中市潭子區,待遇面議,https://www.104.com.tw/job/69cex?jobsource=jolist_c_relevance
ERP生產計劃模組工程師(台北),千附實業股份有限公司,台北市大安區,待遇面議,https://www.104.com.tw/job/6vzs1?jobsource=jolist_c_relevance
ERP物料管理模組工程師(潭子/后里),千附實業股份有限公司,台中市潭子區,待遇面議,https://www.104.com.tw/job/6vzsf?jobsource=jolist_c_relevance
BPM系統工程師,奇力新電子股份有限公司,新竹縣湖口鄉,待遇面議,https://www.104.com.tw/job/6jeyq?jobsource=jolist_c_relevance
SAP MM/SD/FI/CO Consultant,Atos_台灣源訊科技股份有限公司,台北市松山區,待遇面議,https://www.104.com.tw/job/22d7j?jobsource=jolist_c_relevance
Sales Support_Hsinchu,卡爾蔡司股份有限公司,新竹市,待遇面議,https://www.104.com.tw/job/6vrec?jobsource=jolist_c_relevance
Pricing & Quote Officer - Temp (約聘),新加坡商安富利股份有限公司台灣分公司,台北市南港區,"年薪400,000~520,000元",https://www.104.com.tw/job/5dnxu?jobsource=jolist_c_relevance
(台北)SAP ERP(PP/FI/CO)資深工程師,國巨股份有限公司,新北市新店區,待遇面議,https://www.104.com.tw/job/3fa61?jobsource=jolist_c_relevance
專案_SAP Core Team推導專員(台中),寶成工業股份有限公司,台中市西屯區,"月薪28,000元以上",https://www.104.com.tw/job/6phb6?jobsource=jolist_c_relevance
會計人員(台北),伯東國際通商股份有限公司,台北市中山區,"月薪23,800~40,000元",https://www.104.com.tw/job/6lk38?jobsource=jolist_c_relevance
生管類-生產企劃管理師,威剛科技股份有限公司,新北市中和區,待遇面議,https://www.104.com.tw/job/2qsf9?jobsource=jolist_c_relevance
【擴編徵才】MIS工程師,英屬維京群島商禾寶醫療器材股份有限公司台灣分公司,台北市內湖區,"月薪30,000~50,000元",https://www.104.com.tw/job/6u1bg?jobsource=jolist_c_relevance
MES工程師,加拿大商_加國陽光能源科技股份有限公司,新竹縣湖口鄉,"月薪30,000~50,000元",https://www.104.com.tw/job/5xuyw?jobsource=jolist_c_relevance
SAP 開發工程師(板橋),虎門科技股份有限公司,新北市板橋區,"月薪35,000~45,000元",https://www.104.com.tw/job/6hhay?jobsource=jolist_c_relevance
部門助理(楊梅),濾能股份有限公司,桃園市楊梅區,"月薪28,000~39,000元",https://www.104.com.tw/job/6us0x?jobsource=jolist_c_relevance
Sales Assistance (BU Pigments),瑞士商_台灣科萊恩化學股份有限公司,台北市中山區,"月薪35,000~45,000元",https://www.104.com.tw/job/6wwgx?jobsource=jolist_c_relevance
SAP系統分析師,中鼎集團_中鼎工程股份有限公司,台北市士林區,"月薪34,000~60,000元",https://www.104.com.tw/job/669h9?jobsource=jolist_c_relevance
土木工程師,欣達環工股份有限公司,新北市淡水區,"月薪31,000~45,000元",https://www.104.com.tw/job/6i6ni?jobsource=jolist_c_relevance
產線副班長,輝創電子股份有限公司,高雄市大寮區,"月薪23,800~32,000元",https://www.104.com.tw/job/5y2gb?jobsource=jolist_c_relevance
【FTL】系統整合業務經理/業務代表 (製造業ERP/SAP),台灣富士通股份有限公司,台北市中正區,待遇面議,https://www.104.com.tw/job/3azj2?jobsource=jolist_c_relevance
生產管理師,台灣松下電腦股份有限公司,新北市中和區,"月薪33,000~40,000元",https://www.104.com.tw/job/57ygs?jobsource=jolist_c_relevance
創新科技部SAP ABAP開發師,華泰大飯店企業股份有限公司,台北市中山區,待遇面議,https://www.104.com.tw/job/4r2x5?jobsource=jolist_c_relevance
PVH(CK & TH)_會計專員 / Accountant,(CK & TH) _香港商鵬衛齊服飾有限公司台灣分公司,台北市松山區,待遇面議,https://www.104.com.tw/job/66q0d?jobsource=jolist_c_relevance
Sales Executive,羅特亞洲有限公司,台中市西區,待遇面議,https://www.104.com.tw/job/6q1t4?jobsource=jolist_c_relevance
SL- 美商知名運動品牌 Accountant 會計人員 (50-55K),新加坡商立可人事顧問有限公司台灣分公司,台北市松山區,"月薪50,000~55,000元",https://www.104.com.tw/job/6wnyt?jobsource=jolist_c_relevance
物流管理師-W931200,昇陽國際半導體股份有限公司,新竹市,"月薪30,000~40,000元",https://www.104.com.tw/job/6qqvm?jobsource=jolist_c_relevance
程式設計師,味丹企業股份有限公司,台中市沙鹿區,"月薪28,000~32,000元",https://www.104.com.tw/job/6e5n7?jobsource=jolist_c_relevance
會計主任/副理,(台泥)臺灣水泥股份有限公司,台北市中山區,待遇面議,https://www.104.com.tw/job/6olhb?jobsource=jolist_c_relevance
中央原物料運籌採購(林口) or (內湖),Advantech_研華股份有限公司,新北市林口區,待遇面議,https://www.104.com.tw/job/6vm24?jobsource=jolist_c_relevance
主辦會計,海星科技實業有限公司,廣東省東莞市,待遇面議,https://www.104.com.tw/job/6lnlw?jobsource=jolist_c_relevance
Order Handling Specialist 訂單處理專員,台灣西克股份有限公司,台北市中正區,待遇面議,https://www.104.com.tw/job/6c9cs?jobsource=jolist_c_relevance
IDL-Material Control Planner 物料管理師,Gogoro Taiwan Limited_睿能創意股份有限公司,桃園市龜山區,待遇面議,https://www.104.com.tw/job/5xp2n?jobsource=jolist_c_relevance
會計專員(Accounting Specialist),永信集團_永鴻國際生技股份有限公司,新竹縣新豐鄉,"月薪30,000~38,000元",https://www.104.com.tw/job/62m4u?jobsource=jolist_c_relevance
普會主管(華亞廠),健策精密工業股份有限公司,桃園市龜山區,待遇面議,https://www.104.com.tw/job/6w96r?jobsource=jolist_c_relevance
BLN-生/物管管理師 (台南),緯穎科技服務股份有限公司,台南市安定區,"月薪30,000~60,000元",https://www.104.com.tw/job/6m6b7?jobsource=jolist_c_relevance
創新科技部SAP FI／CO顧問師,華泰大飯店企業股份有限公司,台北市中山區,待遇面議,https://www.104.com.tw/job/4r2ua?jobsource=jolist_c_relevance
PVH(CK & TH)_資深會計專員 / Senior Accountant,(CK & TH) _香港商鵬衛齊服飾有限公司台灣分公司,台北市松山區,待遇面議,https://www.104.com.tw/job/6lwua?jobsource=jolist_c_relevance
MG-外商 徵 Finance Analyst (General Ledger),新加坡商立可人事顧問有限公司台灣分公司,台北市松山區,待遇面議,https://www.104.com.tw/job/6w5pi?jobsource=jolist_c_relevance
物控專員,新代科技股份有限公司,新竹市,待遇面議,https://www.104.com.tw/job/6t5nu?jobsource=jolist_c_relevance
約聘-會計專員(華亞廠),健策精密工業股份有限公司,桃園市龜山區,待遇面議,https://www.104.com.tw/job/6axi8?jobsource=jolist_c_relevance
行政處-會計專員,安華聯網科技股份有限公司,新北市新店區,"月薪36,000~45,000元",https://www.104.com.tw/job/6wfbr?jobsource=n104bank2
經營管理類-財會總監(派駐中國),力成科技股份有限公司,大陸地區,待遇面議,https://www.104.com.tw/job/6uyyo?jobsource=n104bank2
會計專員(台北廠),東碩資訊股份有限公司,新北市汐止區,"月薪28,000~45,000元",https://www.104.com.tw/job/6q42k?jobsource=n104bank2
資訊工程師(工作地點: 汐止),奇力新電子股份有限公司,新北市汐止區,待遇面議,https://www.104.com.tw/job/6mr6f?jobsource=n104bank2
資訊工程師,奇力新電子股份有限公司,新竹縣湖口鄉,待遇面議,https://www.104.com.tw/job/3gneb?jobsource=n104bank2
【平鎮廠】資訊工程師,奇力新電子股份有限公司,桃園市平鎮區,待遇面議,https://www.104.com.tw/job/6l2a3?jobsource=n104bank2
資深會計管理師,元太科技工業股份有限公司,新竹市,待遇面議,https://www.104.com.tw/job/6vtta?jobsource=n104bank2
FIN-經營管理師,愛普科技股份有限公司,新竹縣竹北市,待遇面議,https://www.104.com.tw/job/6kroc?jobsource=n104bank2
會計專案襄理/主任,國際中橡投資控股股份有限公司,台北市中山區,待遇面議,https://www.104.com.tw/job/6tv3q?jobsource=n104bank2
倉管專員,承賢科技股份有限公司,新北市樹林區,"月薪30,000~35,000元",https://www.104.com.tw/job/4ti83?jobsource=n104bank2
成本會計主管(需外派至泰國),樂威科技股份有限公司,泰國,待遇面議,https://www.104.com.tw/job/6vcaf?jobsource=n104bank2
(約聘)供應鏈專員(此職缺產假期間職務代理。需求期間:2020年5月-2021年1月),台灣通用磨坊股份有限公司 _ General Mills Taiwan,新北市板橋區,待遇面議,https://www.104.com.tw/job/6brfb?jobsource=n104bank2
SAP MES Engineer 製造執行系統工程師,Gogoro Taiwan Limited_睿能創意股份有限公司,桃園市龜山區,待遇面議,https://www.104.com.tw/job/3x6yk?jobsource=n104bank2
[桃園外商]一般製造業生管、資材主管/專員 Supply Chain_ JN -122019-32720 Supply Planning Manager - Taiwan ETP3#283,藝珂人事顧問股份有限公司,桃園市楊梅區,待遇面議,https://www.104.com.tw/job/6vvgv?jobsource=n104bank2
DE-產品工程師,鴻佰科技股份有限公司,桃園市蘆竹區,"月薪35,000~55,000元",https://www.104.com.tw/job/38zxy?jobsource=n104bank2
Financial Analyst III,台灣易思資訊科技股份有限公司,台北市士林區,"年薪800,000~1,000,000元",https://www.104.com.tw/job/6wqw9?jobsource=n104bank2
Compensation & Benefit Manager  薪酬福利經理,日煙國際製造股份有限公司,台南市安南區,待遇面議,https://www.104.com.tw/job/6h1wf?jobsource=n104bank2
MG-Senior C&B Specialist(製造業),新加坡商立可人事顧問有限公司台灣分公司,桃園市桃園區,待遇面議,https://www.104.com.tw/job/6wvpt?jobsource=n104bank2
DE-Fulfillment PM,鴻佰科技股份有限公司,桃園市蘆竹區,"月薪35,000~65,000元",https://www.104.com.tw/job/392zq?jobsource=n104bank2
行政支援類-會計管理師（固定資產）,力成科技股份有限公司,新竹縣湖口鄉,"月薪30,000~50,000元",https://www.104.com.tw/job/6wpnz?jobsource=n104bank2
Finance Assistant,"Hyundai Engineering Co., Ltd.",台北市大安區,待遇面議,https://www.104.com.tw/job/6vvyl?jobsource=n104bank2
生管專員@平鎮,乾坤科技股份有限公司_台達電子集團,桃園市平鎮區,"月薪30,000~40,000元",https://www.104.com.tw/job/6om8y?jobsource=n104bank2
生管人員,佳能企業股份有限公司,新北市五股區,"月薪28,000~40,000元",https://www.104.com.tw/job/6rblm?jobsource=n104bank2
Treasury Specialist(6-month contractor)/台北,ABB Power Grids_艾波比電網股份有限公司,台北市內湖區,待遇面議,https://www.104.com.tw/job/6wpfr?jobsource=n104bank2
採購專員(Buyer),康佳特科技有限公司,台北市大同區,待遇面議,https://www.104.com.tw/job/6vbnk?jobsource=n104bank2
物管專員,大瓏企業股份有限公司,新北市土城區,"月薪34,000~60,000元",https://www.104.com.tw/job/5f333?jobsource=n104bank2
Accounting Specialist / Supervisor,SIEMENS_西門子股份有限公司,台北市南港區,待遇面議,https://www.104.com.tw/job/6wws2?jobsource=n104bank2
【德商DHL】HQ－Supply Chain Analyst－TH,DHL_台灣敦豪供應鏈股份有限公司,新北市三重區,待遇面議,https://www.104.com.tw/job/6vc7x?jobsource=n104bank2
資料庫人員_資訊部/系統管理課/管理師(工作地點:新竹)-1W181007,華立企業股份有限公司,新竹縣竹北市,"月薪38,000~40,000元",https://www.104.com.tw/job/6bomi?jobsource=n104bank2
日文業務管理師,群光電能科技股份有限公司,新北市三重區,"月薪30,000~45,000元",https://www.104.com.tw/job/5nl3w?jobsource=n104bank2
採購管理師,美律實業股份有限公司,台中市南屯區,"月薪32,000~45,000元",https://www.104.com.tw/job/6s4wc?jobsource=n104bank2
"MG-外商 徵 Accountant(約聘),近捷運小巨蛋站",新加坡商立可人事顧問有限公司台灣分公司,台北市松山區,待遇面議,https://www.104.com.tw/job/6rdz8?jobsource=n104bank2
美商-進出口專員(英文精通),東慧國際諮詢顧問股份有限公司,台南市安定區,待遇面議,https://www.104.com.tw/job/6up0e?jobsource=n104bank2
營運分析管理資深專員,特力集團_特力股份有限公司,台北市內湖區,"月薪35,000~45,000元",https://www.104.com.tw/job/6buzr?jobsource=n104bank2
策略採購管理師,美律實業股份有限公司,台中市南屯區,待遇面議,https://www.104.com.tw/job/6wnfr?jobsource=n104bank2
內勤人員-客服管理員 - Service administrator,台灣安東帕有限公司,台北市南港區,待遇面議,https://www.104.com.tw/job/6u666?jobsource=n104bank2
資訊專員,樂威科技股份有限公司,台南市歸仁區,待遇面議,https://www.104.com.tw/job/6v82t?jobsource=n104bank2
"應收帳款/會計 (專員職) Specialist, Accounts Receivable",台灣大昌華嘉股份有限公司,台北市內湖區,"月薪30,000~36,000元",https://www.104.com.tw/job/6vfo2?jobsource=n104bank2
"OF03【乾杯集團】總部 - 會計課 專員(月薪30,000元~33,000元)",乾杯股份有限公司,台北市中正區,"月薪30,000~33,000元",https://www.104.com.tw/job/6l4wm?jobsource=n104bank2
會計人員,凱美電機股份有限公司,新北市汐止區,"月薪30,000~35,000元",https://www.104.com.tw/job/6soob?jobsource=n104bank2
External Manufacturing Business Process Consultant (Supply Chain),Nexperia_安世半導體股份有限公司,台北市南港區,待遇面議,https://www.104.com.tw/job/6qvfn?jobsource=n104bank2
財務本部 總帳會計課 課長,中國砂輪企業股份有限公司,新北市樹林區,待遇面議,https://www.104.com.tw/job/6vcc0?jobsource=n104bank2
應用系統工程師,伊雲谷數位科技股份有限公司,新北市三重區,待遇面議,https://www.104.com.tw/job/6soxb?jobsource=n104bank2
DE-物控工程師,鴻佰科技股份有限公司,桃園市蘆竹區,"月薪35,000~65,000元",https://www.104.com.tw/job/394be?jobsource=n104bank2
Manufacturing Assistant 製造行政助理,Gogoro Taiwan Limited_睿能創意股份有限公司,桃園市龜山區,"月薪26,000元以上",https://www.104.com.tw/job/5y5mx?jobsource=n104bank2
A100-財務管理師,美磊科技股份有限公司,桃園市平鎮區,"月薪33,000~45,000元",https://www.104.com.tw/job/681np?jobsource=n104bank2
會計人員(工作地:台北),岱宇國際股份有限公司,台北市中山區,"月薪35,000~40,000元",https://www.104.com.tw/job/6wlwu?jobsource=n104bank2
客服代表 Customer Service Representative (6-month contract),普發真空科技股份有限公司,新竹縣新豐鄉,"月薪35,000~40,000元",https://www.104.com.tw/job/6vy8f?jobsource=n104bank2
【BU2】ODM業務專員,西勝國際股份有限公司,新北市新莊區,待遇面議,https://www.104.com.tw/job/6rg47?jobsource=n104bank2
機械工程師,李長榮化學工業股份有限公司,高雄市大社區,待遇面議,https://www.104.com.tw/job/2rg1f?jobsource=n104bank2
會計專員-財務會計,美時化學製藥股份有限公司,台北市信義區,待遇面議,https://www.104.com.tw/job/6sbbi?jobsource=n104bank2
財務經理,天虹科技股份有限公司,新竹縣竹北市,待遇面議,https://www.104.com.tw/job/6svm6?jobsource=n104bank2
資深網管工程師,華夏玻璃股份有限公司,新竹市,待遇面議,https://www.104.com.tw/job/5xxbc?jobsource=n104bank2
【客服管理師】,合晶科技股份有限公司,桃園市龍潭區,"月薪30,000~39,999元",https://www.104.com.tw/job/3okjs?jobsource=n104bank2
生管管理師(配銷部_冷凍加工類),山海樓/齊民市集/農人餐桌/GREEN&SAFE真食物專賣店_永豐餘生技股份有限公司,新北市土城區,"月薪32,000~38,000元",https://www.104.com.tw/job/6wovv?jobsource=n104bank2
專案_SAP Core Team專案儲備專員(彰化),寶成工業股份有限公司,彰化縣福興鄉,"月薪28,000元以上",https://www.104.com.tw/job/6phcj?jobsource=n104bank2
資訊_SAP工程師(台中),寶成工業股份有限公司,台中市西屯區,"月薪28,000元以上",https://www.104.com.tw/job/6crtd?jobsource=n104bank2
會計專員 Accounting Specialist - 醫療保健事業單位,台灣大昌華嘉股份有限公司,台北市內湖區,待遇面議,https://www.104.com.tw/job/3qz0i?jobsource=n104bank2
會計部專員 FAD,思達科技股份有限公司,新竹市,"月薪35,000~55,000元",https://www.104.com.tw/job/6hcjs?jobsource=n104bank2
【採購-高級管理師】,合晶科技股份有限公司,桃園市龍潭區,待遇面議,https://www.104.com.tw/job/60gbd?jobsource=n104bank2
ERP高級導入顧問-成本領域,台灣用友資訊軟體有限公司,台北市中山區,待遇面議,https://www.104.com.tw/job/68rzy?jobsource=n104bank2
財務主管 【印度子公司】,永進機械工業股份有限公司,印度,待遇面議,https://www.104.com.tw/job/6d5oq?jobsource=n104bank2
物控管理師(楊梅廠),信昌電子陶瓷股份有限公司,桃園市楊梅區,"月薪28,000元以上",https://www.104.com.tw/job/6ucrs?jobsource=n104bank2
Sales Support 業務助理 (Textile Effects 紡織染化部),台灣亨斯邁化學工業股份有限公司,台北市南港區,待遇面議,https://www.104.com.tw/job/6vjox?jobsource=n104bank2
生管人員(華亞廠),健策精密工業股份有限公司,桃園市龜山區,"月薪33,000~40,000元",https://www.104.com.tw/job/6nlfz?jobsource=n104bank2
Continuous Improvement Resource (Lean Expert),台灣杜邦股份有限公司,新竹市,待遇面議,https://www.104.com.tw/job/6vlbq?jobsource=n104bank2
生管人員(大園廠)(需至華亞廠受訓),健策精密工業股份有限公司,桃園市大園區,"月薪28,000~40,000元",https://www.104.com.tw/job/6tpie?jobsource=n104bank2
Accounting Specialist 會計專員,17直播_英屬維京群島商麻吉一七股份有限公司臺灣分公司,台北市中正區,"月薪45,000元以上",https://www.104.com.tw/job/6usqg?jobsource=n104bank2
ERP工程師,思達科技股份有限公司,新竹市,待遇面議,https://www.104.com.tw/job/6uxxk?jobsource=n104bank2
Business Analyst (Taipei),香港商麥迪康亞太有限公司台灣分公司,台北市信義區,待遇面議,https://www.104.com.tw/job/6p7fg?jobsource=n104bank2
財務部 - 海外主辦會計(上海),花仙子企業股份有限公司,上海市,"月薪72,000~80,000元",https://www.104.com.tw/job/6v9b2?jobsource=n104bank2
成本會計專員【會計稅務部】地點:屏東,"大江生醫股份有限公司(TCI CO., Ltd)",屏東縣長治鄉,"月薪40,000~60,000元",https://www.104.com.tw/job/6eu2u?jobsource=n104bank2
【竭盡所能 碳索未來】(林園廠)成本會計管理師,國際中橡投資控股股份有限公司,高雄市林園區,"月薪35,000~50,000元",https://www.104.com.tw/job/5siwb?jobsource=n104bank2
S000-資深業務專員,美磊科技股份有限公司,桃園市平鎮區,"月薪40,000~55,000元",https://www.104.com.tw/job/6r0xp?jobsource=n104bank2
財會高級管理師_8972,和碩集團_和碩聯合科技股份有限公司,台北市北投區,"月薪30,000~50,000元",https://www.104.com.tw/job/6tzcc?jobsource=n104bank2
資訊系統專案經理,科盛科技股份有限公司,新竹縣竹北市,"年薪1,000,000元以上",https://www.104.com.tw/job/6w4ba?jobsource=n104bank2
Logistics Officer,法台化學股份有限公司,台北市中山區,"月薪40,000元以上",https://www.104.com.tw/job/6wn5p?jobsource=n104bank2
【新鮮人計畫】會計管理師 Accounting Specialist,(台泥)臺灣水泥股份有限公司,台北市中山區,待遇面議,https://www.104.com.tw/job/6vy58?jobsource=n104bank2
Quote Specialist 供應商服務專員,艾睿電子股份有限公司,新北市中和區,待遇面議,https://www.104.com.tw/job/411jz?jobsource=n104bank2
【默克先進】Customer Service Specialist (桃園觀音),怡東人事顧問股份有限公司,桃園市觀音區,待遇面議,https://www.104.com.tw/job/6mqa3?jobsource=n104bank2
【台北松山/日商/半導體業】日文N1/業務助理 Sales Assistant (HCS_1167),藝珂人事顧問股份有限公司,台北市松山區,"月薪33,000~40,000元",https://www.104.com.tw/job/6o5jk?jobsource=n104bank2
Accounting Specialist (Contractor),VF BRANDS TAIWAN LIMITED_台灣威富品牌有限公司,台北市松山區,待遇面議,https://www.104.com.tw/job/6v1ho?jobsource=n104bank2
Controlling and Planning Specialist/台北,ABB Power Grids_艾波比電網股份有限公司,台北市內湖區,待遇面議,https://www.104.com.tw/job/6sfbx?jobsource=n104bank2
【新鮮人計畫】財務管理師 Finance Specialist,(台泥)臺灣水泥股份有限公司,台北市中山區,待遇面議,https://www.104.com.tw/job/6w0t2?jobsource=n104bank2
電能事業群-senior sourcer(主動元件),光寶科技股份有限公司,新北市中和區,待遇面議,https://www.104.com.tw/job/3eika?jobsource=n104bank2
Accountant - Global HQ,香港商邁世國際有限公司台灣分公司,台北市中山區,待遇面議,https://www.104.com.tw/job/6qx9c?jobsource=n104bank2
知名光學公司 誠徵 資訊主管,瑞星管理顧問股份有限公司,台北市內湖區,"月薪67,000~85,000元",https://www.104.com.tw/job/6wbcq?jobsource=n104bank2
【One year Contract】會計專員-Account Receivables,台灣通用磨坊股份有限公司 _ General Mills Taiwan,新北市板橋區,"月薪30,000~35,000元",https://www.104.com.tw/job/6pixt?jobsource=n104bank2
S000-國外業務專員,美磊科技股份有限公司,桃園市平鎮區,"月薪30,000元以上",https://www.104.com.tw/job/6slrq?jobsource=n104bank2
歡迎回''嘉''~【智能醫療】財會專員 / 儲備幹部,康揚股份有限公司,嘉義縣民雄鄉,待遇面議,https://www.104.com.tw/job/6tk63?jobsource=n104bank2
會計課長,東碩資訊股份有限公司,新北市新店區,待遇面議,https://www.104.com.tw/job/6w2xt?jobsource=n104bank2
Sales Account Manager (BU Catalysts),瑞士商_台灣科萊恩化學股份有限公司,台北市中山區,待遇面議,https://www.104.com.tw/job/6vhju?jobsource=n104bank2
系統分析師,康那香企業股份有限公司,台北市信義區,待遇面議,https://www.104.com.tw/job/6w243?jobsource=n104bank2
Sr. Commodity Specialist,台灣先藝科技股份有限公司,新竹市,待遇面議,https://www.104.com.tw/job/6wkhy?jobsource=n104bank2
財務會計專員/主任,台灣三井不動產股份有限公司,台北市中正區,"月薪30,000元以上",https://www.104.com.tw/job/6uiac?jobsource=n104bank2
資深採購專員,溢泰實業股份有限公司,屏東縣屏東市,待遇面議,https://www.104.com.tw/job/6vgv3?jobsource=n104bank2
外商財會副理,巨將人力資源顧問有限公司,台北市大同區,"月薪68,000~87,000元",https://www.104.com.tw/job/6ujyu?jobsource=n104bank2
【資訊】客服工程師,隆典實業股份有限公司,台中市太平區,"月薪28,000~39,000元",https://www.104.com.tw/job/5b9w6?jobsource=n104bank2
新鮮人-其他-採購管理師 - J1350,廣達電腦股份有限公司,桃園市龜山區,"月薪31,000元以上",https://www.104.com.tw/job/5hvwk?jobsource=n104bank2
【總公司職缺】日商OWNDAYS眼鏡 誠徵會計專員,OWNDAYS_恩戴適股份有限公司,台北市中正區,"月薪45,000元",https://www.104.com.tw/job/6m66x?jobsource=n104bank2
會計副理,元太科技工業股份有限公司,新竹市,待遇面議,https://www.104.com.tw/job/6wg1d?jobsource=n104bank2
倉管人員【SMT】,樂音科技股份有限公司,新北市中和區,"月薪23,800~33,000元",https://www.104.com.tw/job/6vj8t?jobsource=n104bank2
會計專員,金利精密工業股份有限公司,桃園市平鎮區,"月薪30,000~45,000元",https://www.104.com.tw/job/55zap?jobsource=n104bank2
(林園廠) 採購管理師,國際中橡投資控股股份有限公司,高雄市林園區,"月薪35,000元以上",https://www.104.com.tw/job/62c6h?jobsource=n104bank2
Senior Internal Auditor,英屬維京群島商祥茂光電科技股份有限公司台灣分公司,新北市林口區,待遇面議,https://www.104.com.tw/job/6viql?jobsource=n104bank2
(Sr.)Sales Engineer,新加坡商安富利股份有限公司台灣分公司,台北市南港區,待遇面議,https://www.104.com.tw/job/6mec1?jobsource=n104bank2
資深會計管理師,信昌化學工業股份有限公司,高雄市林園區,待遇面議,https://www.104.com.tw/job/6wvzs?jobsource=n104bank2
土木結構工程師,鼎盛工程顧問有限公司,台中市西屯區,"月薪45,000~70,000元",https://www.104.com.tw/job/62iyv?jobsource=n104bank2
IE工程師,輝創電子股份有限公司,高雄市大寮區,待遇面議,https://www.104.com.tw/job/1xqa0?jobsource=n104bank2
廠務主管,海星科技實業有限公司,廣東省東莞市,待遇面議,https://www.104.com.tw/job/6uqu7?jobsource=n104bank2
出納人員(土城總部),家登精密工業股份有限公司,新北市土城區,"月薪28,000~38,000元",https://www.104.com.tw/job/4me0g?jobsource=n104bank2
IDL-資深採購專員,Gogoro Taiwan Limited_睿能創意股份有限公司,桃園市龜山區,待遇面議,https://www.104.com.tw/job/6s93a?jobsource=n104bank2
Planner/Buyer(採購/生管專員)-4,英商飛特帝亞有限公司台灣分公司,台北市內湖區,待遇面議,https://www.104.com.tw/job/6in2q?jobsource=n104bank2
Shipping Manager,新加坡商安富利股份有限公司台灣分公司,桃園市蘆竹區,待遇面議,https://www.104.com.tw/job/6o74n?jobsource=n104bank2
總公司-採購經理,佳瑪百貨股份有限公司,新北市蘆洲區,待遇面議,https://www.104.com.tw/job/6rkmg?jobsource=n104bank2
進出口專員,思達科技股份有限公司,新竹市,"月薪30,000~42,000元",https://www.104.com.tw/job/6t7t5?jobsource=n104bank2
採購-採購管理師-龍潭廠,艾克爾國際科技股份有限公司,桃園市龍潭區,"月薪30,000~60,000元",https://www.104.com.tw/job/5vll2?jobsource=n104bank2
輪班倉儲管理師-W931200,昇陽國際半導體股份有限公司,新竹市,"月薪30,000~40,000元",https://www.104.com.tw/job/662rf?jobsource=n104bank2
採購管理師 (包材)【包材採購部】工作地點: 屏東(提供宿舍),"大江生醫股份有限公司(TCI CO., Ltd)",屏東縣長治鄉,"月薪40,000~50,000元",https://www.104.com.tw/job/6ait3?jobsource=n104bank2
財務副理 Finance Asst. Manager,濂達科技股份有限公司,桃園市楊梅區,待遇面議,https://www.104.com.tw/job/6ufir?jobsource=n104bank2
【高薪】【短期】PC Support 約聘駐點工程師 (竹北) (BXO),敦陽科技股份有限公司,新竹縣竹北市,"月薪45,000~55,000元",https://www.104.com.tw/job/6wcl2?jobsource=n104bank2
會計專員,鴻佰科技股份有限公司,桃園市蘆竹區,待遇面議,https://www.104.com.tw/job/37p8i?jobsource=n104bank2
【信義區】知名ERP軟體外商 徵Field Marketing Senior Specialist(百萬年薪以上) _OCS 132,藝珂人事顧問股份有限公司,台北市信義區,待遇面議,https://www.104.com.tw/job/6mv2k?jobsource=n104bank2
【三創生活園區FT】園區審帳出納會計,鴻海集團_三創數位股份有限公司,台北市中正區,"月薪28,000~34,000元",https://www.104.com.tw/job/6a1y9?jobsource=n104bank2
【台灣默克】Accounting Specialist (台北內湖),怡東人事顧問股份有限公司,台北市內湖區,待遇面議,https://www.104.com.tw/job/6wpal?jobsource=n104bank2
財務-應付專員,溢泰實業股份有限公司,屏東縣屏東市,"月薪30,000~40,000元",https://www.104.com.tw/job/6mrfn?jobsource=n104bank2
【高薪】【短期】Cisco 網路設備約聘駐點工程師 (新竹) (BXO),敦陽科技股份有限公司,新竹市,"月薪75,000~80,000元",https://www.104.com.tw/job/6wckm?jobsource=n104bank2
銷售工程師(台北市-營業二課),東培工業股份有限公司,台北市大安區,"月薪36,000~43,000元",https://www.104.com.tw/job/62jr3?jobsource=n104bank2
【高薪】【短期】PC Support 約聘駐點工程師 (湖口) (BXO),敦陽科技股份有限公司,新竹縣湖口鄉,"月薪45,000~55,000元",https://www.104.com.tw/job/6wckt?jobsource=n104bank2
雲端應用伺服器產銷管理 - J1529,廣達電腦股份有限公司,桃園市龜山區,"月薪31,000元以上",https://www.104.com.tw/job/6bq7r?jobsource=n104bank2
Microsoft Power BI顧問/DB ETL Developer ,艾力特科技有限公司,台北市中山區,待遇面議,https://www.104.com.tw/job/6j4or?jobsource=n104bank2
Procurement Specialist,Philip Morris Taiwan S. A. Taiwan Branch_瑞士商菲利普莫里斯股份有限公司台灣分公司,台北市內湖區,待遇面議,https://www.104.com.tw/job/6w6qg?jobsource=n104bank2
資材部-物控,昶亨科技股份有限公司,高雄市前鎮區,"月薪30,000~32,000元",https://www.104.com.tw/job/6sh9x?jobsource=n104bank2
Junior Accounting Specialist,光程研創股份有限公司,新竹縣竹北市,待遇面議,https://www.104.com.tw/job/6w6lx?jobsource=n104bank2
雲端應用伺服器產銷管理專/主管 - J1738,廣達電腦股份有限公司,桃園市龜山區,待遇面議,https://www.104.com.tw/job/6ke1n?jobsource=n104bank2
財務專員,天虹科技股份有限公司,新竹縣竹北市,"月薪35,000元以上",https://www.104.com.tw/job/6w4qe?jobsource=n104bank2
資材部主管 (Logistic Dept. Manager),泰詠電子股份有限公司,新竹市,待遇面議,https://www.104.com.tw/job/3x4hu?jobsource=n104bank2
ERP軟體工程師,大鵬科技股份有限公司,台北市內湖區,待遇面議,https://www.104.com.tw/job/6vnbj?jobsource=n104bank2
物流部經理 (Logistic Manager ),德商_凱馳清潔設備股份有限公司,新北市中和區,待遇面議,https://www.104.com.tw/job/6ungs?jobsource=n104bank2
Purchasing Specialist - 806720,美商_英屬蓋曼群島商金百利克拉克股份有限公司台灣分公司,台北市信義區,待遇面議,https://www.104.com.tw/job/6wsnw?jobsource=n104bank2
進出口管理師 - 新竹,美商_科林研發股份有限公司_Lam Research,新竹市,待遇面議,https://www.104.com.tw/job/4lssq?jobsource=n104bank2
(信義區)知名外商集團徵會計專員＿具AP、AR或報稅經驗佳*（英文中等，薪資優渥）SMS_818,藝珂人事顧問股份有限公司,台北市信義區,待遇面議,https://www.104.com.tw/job/6aew3?jobsource=n104bank2
生管人員,享點子_欣光食品股份有限公司,桃園市中壢區,"月薪30,000~40,000元",https://www.104.com.tw/job/4nxe9?jobsource=n104bank2
Finance Assistant Manager,Ferragamo Retail Taiwan Limited_台灣菲拉格慕股份有限公司,台北市松山區,待遇面議,https://www.104.com.tw/job/6usmh?jobsource=n104bank2
倉管主管 (W/H Manager),泰詠電子股份有限公司,新竹市,"月薪55,000~75,000元",https://www.104.com.tw/job/2ewq4?jobsource=n104bank2
行政管理師 Administrator,英福康有限公司,新竹縣湖口鄉,待遇面議,https://www.104.com.tw/job/6vgma?jobsource=n104bank2
【默克先進】R&D Assistant Researcher  (R&D 助理研究員),怡東人事顧問股份有限公司,桃園市觀音區,"月薪40,000元以上",https://www.104.com.tw/job/6uvmn?jobsource=n104bank2
ERP開發工程師,李長榮化學工業股份有限公司,台北市松山區,待遇面議,https://www.104.com.tw/job/5ih7l?jobsource=n104bank2
Material Operation Specialist,泰洛斯製造股份有限公司,桃園市中壢區,待遇面議,https://www.104.com.tw/job/6wb9p?jobsource=n104bank2
Planner/Buyer(採購/生管專員)-5,英商飛特帝亞有限公司台灣分公司,台北市內湖區,待遇面議,https://www.104.com.tw/job/6pbq0?jobsource=n104bank2
【奧丁丁集團】CRM開發工程師,奧丁丁集團英屬開曼群島商台灣子公司_歐簿客科技股份有限公司,新北市新店區,待遇面議,https://www.104.com.tw/job/6ta8r?jobsource=n104bank2
物流部主任 (Logistic Supervisor ),德商_凱馳清潔設備股份有限公司,新北市中和區,待遇面議,https://www.104.com.tw/job/6brmn?jobsource=n104bank2
Sales Assistant  - APAC Region,香港商邁世國際有限公司台灣分公司,台北市中山區,"月薪32,000~36,000元",https://www.104.com.tw/job/6wu7i?jobsource=n104bank2
Process Engineer,荷蘭帝斯曼DSM集團_太洋尼龍股份有限公司,高雄市大寮區,待遇面議,https://www.104.com.tw/job/6w6s1?jobsource=n104bank2
ERP/BI資訊工程師 _ 新竹 _ 00209,緯創資通股份有限公司,新竹市,"月薪30,000~60,000元",https://www.104.com.tw/job/3udyb?jobsource=n104bank2
資材部   倉儲人員,老四川/巴蜀麻辣燙_人杰老四川餐飲管理顧問股份有限公司,高雄市大寮區,"月薪25,000~28,000元",https://www.104.com.tw/job/4lvvp?jobsource=n104bank2
物管主管,復盛股份有限公司,新北市三重區,"月薪28,000~39,000元",https://www.104.com.tw/job/6v0oi?jobsource=n104bank2
業務助理 (台北工作),香港商麥迪康亞太有限公司台灣分公司,台北市信義區,"月薪28,000~33,000元",https://www.104.com.tw/job/68x5j?jobsource=n104bank2
軟體工程師(PG/SD),巨昊科技股份有限公司,台南市東區,待遇面議,https://www.104.com.tw/job/5jgh3?jobsource=n104bank2
【3619 ERP系統分析師 】,聯合報股份有限公司,新北市汐止區,待遇面議,https://www.104.com.tw/job/6pgb5?jobsource=n104bank2
庫房管理師－電子製造服務中心(EMS),華泰電子股份有限公司,高雄市楠梓區,"月薪27,000~33,000元",https://www.104.com.tw/job/6vasv?jobsource=jolist_c_relevance
中科廠 ERP工程師,亞崴機電股份有限公司,台中市西屯區,待遇面議,https://www.104.com.tw/job/3xiy2?jobsource=jolist_c_relevance
(台北/新竹)資深財務管理師,聯合再生能源股份有限公司,台北市內湖區,"月薪35,000~50,000元",https://www.104.com.tw/job/3c21z?jobsource=jolist_c_relevance
資訊工程師,嘉澤端子工業股份有限公司,基隆市安樂區,待遇面議,https://www.104.com.tw/job/6o3iw?jobsource=jolist_c_relevance
【2020校徵專區】ERP資訊工程師 _新竹,緯創資通股份有限公司,新竹市,待遇面議,https://www.104.com.tw/job/6wwts?jobsource=jolist_c_relevance
Procurement Supervisor-805933,美商_英屬蓋曼群島商金百利克拉克股份有限公司台灣分公司,桃園市新屋區,待遇面議,https://www.104.com.tw/job/6w3kt?jobsource=jolist_c_relevance
MIS軟體設計工程師,Cooler Master_訊凱國際股份有限公司,新北市中和區,待遇面議,https://www.104.com.tw/job/6puj6?jobsource=jolist_c_relevance
Logistics Technician (Stock keeper)  倉儲運輸管理師,西門子歌美颯離岸風力再生能源股份有限公司,台中市梧棲區,待遇面議,https://www.104.com.tw/job/6rbmw?jobsource=jolist_c_relevance
財務會計專員/主任,台灣三井不動產股份有限公司,台北市中正區,"月薪30,000元以上",https://www.104.com.tw/job/6wwvm?jobsource=jolist_c_relevance
庫房課長－電子製造服務中心(EMS),華泰電子股份有限公司,高雄市楠梓區,待遇面議,https://www.104.com.tw/job/6vavo?jobsource=jolist_c_relevance
資訊系統分析師,香港商福維克樂智有限公司台灣分公司,台北市中正區,待遇面議,https://www.104.com.tw/job/6u1ov?jobsource=jolist_c_relevance
[信義區]知名德國跑車公司徵Accountant需英文精通+具AP及AR經驗尤佳(年薪13個月，VAG集團旗下品牌) SMS_818,藝珂人事顧問股份有限公司,台北市信義區,待遇面議,https://www.104.com.tw/job/6msbw?jobsource=jolist_c_relevance
【小米之家】門市會計,台灣小米通訊有限公司,台北市信義區,"月薪30,000~36,000元",https://www.104.com.tw/job/6wa2t?jobsource=jolist_c_relevance
【德商DHL】台中－Supply Chain Planner－SY,DHL_台灣敦豪供應鏈股份有限公司,台中市西屯區,"月薪30,000~39,999元",https://www.104.com.tw/job/6tqli?jobsource=jolist_c_relevance
供應鏈管理資深工程師/技術副理,敦泰電子股份有限公司,新竹市,待遇面議,https://www.104.com.tw/job/6reom?jobsource=jolist_c_relevance
115-LF1派遣至LINE FRIENDS_Administrative assistant,萬寶華企業管理顧問股份有限公司,台北市內湖區,待遇面議,https://www.104.com.tw/job/6w9eu?jobsource=jolist_c_relevance
ABAP開發工程師-浙江嘉興_M,淳安電子股份有限公司,浙江省嘉興市,待遇面議,https://www.104.com.tw/job/6qjg5?jobsource=jolist_c_relevance
會計經理,津味實業(上海)有限公司,上海市,"年薪1,500,000元以上",https://www.104.com.tw/job/6km5h?jobsource=jolist_c_relevance
(松山區近中山國中站) 知名美國藥商徵 財務行政助理KAM Administrative Assistant (年薪13個月/5天全薪病假)_OCS_132,藝珂人事顧問股份有限公司,台北市松山區,"月薪40,000~45,000元",https://www.104.com.tw/job/6uuef?jobsource=jolist_c_relevance
財務分析經理,津味實業(上海)有限公司,上海市,待遇面議,https://www.104.com.tw/job/6u84b?jobsource=jolist_c_relevance
(派遣制)Sales Assistant,台灣昕諾飛股份有限公司,台北市南港區,"月薪34,000~40,000元",https://www.104.com.tw/job/6teah?jobsource=n104bank2
財會專員(高雄),香港商數立國際股份有限公司台灣分公司,高雄市前鎮區,"月薪24,000~38,000元",https://www.104.com.tw/job/6it2e?jobsource=n104bank2
成本財務會計,BK Taiwan_台灣百科精密儀器股份有限公司,新北市深坑區,"月薪40,000~50,000元",https://www.104.com.tw/job/5obsp?jobsource=n104bank2
企業資訊技術顧問,英屬維京群島商華威仲成股份有限公司台灣分公司,台北市大安區,待遇面議,https://www.104.com.tw/job/3nn1t?jobsource=n104bank2
程式設計師,南山產物保險股份有限公司,台北市中正區,"月薪30,000~45,000元",https://www.104.com.tw/job/5mn7l?jobsource=n104bank2
Production Supervisor生產線課長,英商鼎通盛股份有限公司台灣分公司,新北市中和區,待遇面議,https://www.104.com.tw/job/6n0dh?jobsource=n104bank2
資料分析報表工程師,緯德科技股份有限公司 (TechLink Corporation),台北市松山區,待遇面議,https://www.104.com.tw/job/5ebze?jobsource=n104bank2
IT ERP BI/POSDM Project Manager,台灣麥當勞_和德昌股份有限公司,台北市中正區,待遇面議,https://www.104.com.tw/job/6vd4s?jobsource=n104bank2
資訊管理工程師(台北),伯東國際通商股份有限公司,台北市中山區,"月薪30,000~45,000元",https://www.104.com.tw/job/6nlt5?jobsource=n104bank2
生管主管(PC Manager),泰詠電子股份有限公司,新竹市,待遇面議,https://www.104.com.tw/job/4kwik?jobsource=n104bank2
Corp HR-薪酬資深專員-C&B(內湖),光寶科技股份有限公司,台北市內湖區,"月薪30,000元以上",https://www.104.com.tw/job/6wqyo?jobsource=n104bank2
【台中】會計人員,台灣通運倉儲股份有限公司,台中市大肚區,"月薪26,000~45,000元",https://www.104.com.tw/job/6ih3z?jobsource=n104bank2
ERP程式設計師,華宏新技股份有限公司,高雄市前金區,待遇面議,https://www.104.com.tw/job/6fgr5?jobsource=n104bank2
Inside Sales Account Manager (Japanese Accounts),(Synaptics Taiwan)香港商新思國際科技有限公司台灣分公司,台北市內湖區,待遇面議,https://www.104.com.tw/job/6t5hv?jobsource=n104bank2
供應鏈管理人員,LG_ 臺灣樂金生活健康股份有限公司,台北市信義區,"月薪33,000~39,000元",https://www.104.com.tw/job/6whq2?jobsource=n104bank2
供應鏈管理主管-越南廠(Local hired),英屬維京群島商禾寶醫療器材股份有限公司台灣分公司,越南,待遇面議,https://www.104.com.tw/job/6wq5j?jobsource=n104bank2
【建設】BI應用管理師,遠雄建設事業股份有限公司,台北市信義區,待遇面議,https://www.104.com.tw/job/6vt5e?jobsource=n104bank2
Customer Service Specialist,瑞士商_台灣科萊恩化學股份有限公司,桃園市桃園區,"月薪35,000~45,000元",https://www.104.com.tw/job/6ww9l?jobsource=n104bank2
(台北)Sales BU Controller(主任級),國巨股份有限公司,新北市新店區,待遇面議,https://www.104.com.tw/job/68zw6?jobsource=n104bank2
商業智慧應用系統導入顧問,勤業眾信聯合會計師事務所,台北市信義區,待遇面議,https://www.104.com.tw/job/43s2m?jobsource=n104bank2
物控管理 - J1253,廣達電腦股份有限公司,桃園市龜山區,"月薪31,000元以上",https://www.104.com.tw/job/59sdu?jobsource=n104bank2
【中班】文件管理師(DCC)[固定週休二三],泰詠電子股份有限公司,新竹市,"月薪33,000~40,000元",https://www.104.com.tw/job/36vlo?jobsource=n104bank2
會計專員（桃園楊梅）,大成長城企業股份有限公司,桃園市楊梅區,"月薪32,000~40,000元",https://www.104.com.tw/job/5cokt?jobsource=n104bank2
HR Service Delivery Manager (Tokyo),香港商必博有限公司台灣分公司,日本,待遇面議,https://www.104.com.tw/job/6vfh1?jobsource=n104bank2
駐越南胡志明市廠務,永昌商標股份有限公司,越南,待遇面議,https://www.104.com.tw/job/6l29i?jobsource=n104bank2
外銷業務助理,昶和纖維興業股份有限公司,台北市大安區,"月薪30,000~35,000元",https://www.104.com.tw/job/6g1vk?jobsource=n104bank2
資材部 (高級)管理師,國光生物科技股份有限公司,台中市潭子區,"月薪27,000~40,000元",https://www.104.com.tw/job/6immc?jobsource=n104bank2
Customer Service Executive - Temp (約聘),新加坡商安富利股份有限公司台灣分公司,台北市南港區,"年薪400,000~520,000元",https://www.104.com.tw/job/6ddrt?jobsource=n104bank2
資深財會,Cooler Master_訊凱國際股份有限公司,桃園市龜山區,待遇面議,https://www.104.com.tw/job/6p4sl?jobsource=n104bank2
業務銷售管理師,鴻程亞太科技股份有限公司,新竹縣竹北市,待遇面議,https://www.104.com.tw/job/6wixt?jobsource=n104bank2
採購專員,安葆國際實業股份有限公司,新北市新店區,"月薪35,000元以上",https://www.104.com.tw/job/6kg75?jobsource=n104bank2
財務管理師,臺北市北投健康管理醫院,台北市北投區,"月薪28,000~42,000元",https://www.104.com.tw/job/4ecm3?jobsource=n104bank2
【跨國外商電信業-財星五百大】專案管理師 Project Planner,藝珂人事顧問股份有限公司,新北市板橋區,待遇面議,https://www.104.com.tw/job/6s9a9?jobsource=n104bank2
Business Development Manager,中環股份有限公司,台北市中山區,待遇面議,https://www.104.com.tw/job/6tomx?jobsource=n104bank2
倉儲管理師（電源與系統事業群，中壢研發中心）,台達電子工業股份有限公司 _DELTA ELECTRONICS INC.,桃園市中壢區,"月薪33,000~40,000元",https://www.104.com.tw/job/6iepd?jobsource=n104bank2
經營分析管理師,美律實業股份有限公司,台中市南屯區,待遇面議,https://www.104.com.tw/job/6nbow?jobsource=n104bank2
財務儲備幹部,泰詠電子股份有限公司,新竹市,待遇面議,https://www.104.com.tw/job/4ifc5?jobsource=n104bank2
生產線行政助理(大園廠)(需至華亞廠受訓),健策精密工業股份有限公司,桃園市大園區,"月薪26,000~33,000元",https://www.104.com.tw/job/nxvy?jobsource=n104bank2
勞工安全衛生管理專員（總部人資暨行政處）,金色三麥餐飲股份有限公司,新北市三重區,待遇面議,https://www.104.com.tw/job/5nycg?jobsource=n104bank2
國外業務助理,中環股份有限公司,台北市中山區,"月薪30,000~40,000元",https://www.104.com.tw/job/5zel0?jobsource=n104bank2
MIS主管,安費諾亮泰企業股份有限公司,新北市土城區,待遇面議,https://www.104.com.tw/job/6u9ow?jobsource=jolist_c_relevance
